-- --------------------------------------------------------
-- Host:                         127.0.0.1
-- Server version:               8.0.40 - Source distribution
-- Server OS:                    Linux
-- HeidiSQL Version:             12.7.0.6850
-- --------------------------------------------------------

/*!40101 SET @OLD_CHARACTER_SET_CLIENT=@@CHARACTER_SET_CLIENT */;
/*!40101 SET NAMES utf8 */;
/*!50503 SET NAMES utf8mb4 */;
/*!40103 SET @OLD_TIME_ZONE=@@TIME_ZONE */;
/*!40103 SET TIME_ZONE='+00:00' */;
/*!40014 SET @OLD_FOREIGN_KEY_CHECKS=@@FOREIGN_KEY_CHECKS, FOREIGN_KEY_CHECKS=0 */;
/*!40101 SET @OLD_SQL_MODE=@@SQL_MODE, SQL_MODE='NO_AUTO_VALUE_ON_ZERO' */;
/*!40111 SET @OLD_SQL_NOTES=@@SQL_NOTES, SQL_NOTES=0 */;

-- Dumping structure for table munireque$bd_muni_reque.audio
CREATE TABLE IF NOT EXISTS `audio` (
  `id_audio` int NOT NULL AUTO_INCREMENT,
  `ubicacion_audio` varchar(50) NOT NULL,
  `id_incidencia` int DEFAULT NULL,
  `fecha_subida` timestamp NULL DEFAULT CURRENT_TIMESTAMP,
  PRIMARY KEY (`id_audio`),
  KEY `id_incidencia` (`id_incidencia`),
  CONSTRAINT `audio_ibfk_1` FOREIGN KEY (`id_incidencia`) REFERENCES `incidencia` (`id_incidencia`)
) ENGINE=InnoDB AUTO_INCREMENT=116 DEFAULT CHARSET=utf8mb3;

-- Dumping data for table munireque$bd_muni_reque.audio: ~55 rows (approximately)
INSERT INTO `audio` (`id_audio`, `ubicacion_audio`, `id_incidencia`, `fecha_subida`) VALUES
	(1, 'static/3/audio/WhatsApp_Image_2024-11-07_at_10.32.', 12, '2025-10-12 04:33:59'),
	(2, 'mysite/static/3/audio/WhatsApp_Image_2024-11-07_at', 13, '2025-10-12 04:33:59'),
	(3, 'mysite/static/3/audio/denuncia.3gp', 14, '2025-10-12 04:33:59'),
	(4, 'mysite/static/3/audio/denuncia.3gp', 17, '2025-10-12 04:33:59'),
	(5, 'static/3/20/audio/denuncia.3gp', 20, '2025-10-12 04:33:59'),
	(6, 'mysite/static/3/23/audio/denuncia.3gp', 23, '2025-10-12 04:33:59'),
	(7, 'mysite/static/3/25/audio/denuncia.3gp', 25, '2025-10-12 04:33:59'),
	(8, 'mysite/static/3/26/audio/denuncia.3gp', 26, '2025-10-12 04:33:59'),
	(9, 'static/3/28/audio/vallas.png', 28, '2025-10-12 04:33:59'),
	(10, 'mysite/static/3/29/audio/denuncia.3gp', 29, '2025-10-12 04:33:59'),
	(11, 'mysite/static/3/30/audio/denuncia.3gp', 30, '2025-10-12 04:33:59'),
	(12, 'mysite/static/3/32/audio/denuncia.3gp', 32, '2025-10-12 04:33:59'),
	(13, 'mysite/static/3/34/audio/denuncia.3gp', 34, '2025-10-12 04:33:59'),
	(14, 'mysite/static/3/35/audio/denuncia.3gp', 35, '2025-10-12 04:33:59'),
	(15, 'mysite/static/4/36/audio/denuncia.3gp', 36, '2025-10-12 04:33:59'),
	(16, 'mysite/static/4/38/audio/denuncia.3gp', 38, '2025-10-12 04:33:59'),
	(17, 'mysite/static/4/39/audio/denuncia.3gp', 39, '2025-10-12 04:33:59'),
	(18, 'mysite/static/4/40/audio/denuncia.3gp', 40, '2025-10-12 04:33:59'),
	(19, 'mysite/static/4/41/audio/denuncia.3gp', 41, '2025-10-12 04:33:59'),
	(20, 'mysite/static/4/42/audio/denuncia.3gp', 42, '2025-10-12 04:33:59'),
	(21, 'mysite/static/4/43/audio/denuncia.3gp', 43, '2025-10-12 04:33:59'),
	(22, 'mysite/static/3/44/audio/vallas.png', 44, '2025-10-12 04:33:59'),
	(23, 'mysite/static/4/45/audio/denuncia.3gp', 45, '2025-10-12 04:33:59'),
	(24, 'mysite/static/4/46/audio/denuncia.3gp', 46, '2025-10-12 04:33:59'),
	(25, 'mysite/static/4/47/audio/denuncia.3gp', 47, '2025-10-12 04:33:59'),
	(26, 'mysite/static/3/49/audio/vallas.png', 49, '2025-10-12 04:33:59'),
	(27, 'mysite/static/4/50/audio/denuncia.3gp', 50, '2025-10-12 04:33:59'),
	(28, 'mysite/static/3/51/audio/denuncia.3gp', 51, '2025-10-12 04:33:59'),
	(29, 'mysite/static/3/52/audio/denuncia.3gp', 52, '2025-10-12 04:33:59'),
	(30, 'mysite/static/4/57/audio/denuncia.3gp', 57, '2025-10-12 04:33:59'),
	(31, 'mysite/static/3/59/audio/vallas.png', 59, '2025-10-12 04:33:59'),
	(32, 'mysite/static/4/60/audio/denuncia.3gp', 60, '2025-10-12 04:33:59'),
	(33, 'mysite/static/9/62/audio/denuncia.3gp', 62, '2025-10-12 04:33:59'),
	(34, 'mysite/static/10/63/audio/denuncia.3gp', 63, '2025-10-12 04:33:59'),
	(35, 'mysite/static/4/65/audio/denuncia.3gp', 65, '2025-10-12 04:33:59'),
	(36, 'mysite/static/4/66/audio/denuncia.3gp', 66, '2025-10-12 04:33:59'),
	(37, 'mysite/static/3/70/audio/vallas.png', 70, '2025-10-12 04:33:59'),
	(38, 'mysite/static/3/71/audio/vallas.png', 71, '2025-10-12 04:33:59'),
	(39, 'mysite/static/4/72/audio/denuncia.3gp', 72, '2025-10-12 04:33:59'),
	(40, 'mysite/static/10/78/audio/denuncia.3gp', 78, '2025-10-12 04:33:59'),
	(41, 'mysite/static/10/81/audio/denuncia.3gp', 81, '2025-10-12 04:33:59'),
	(42, 'mysite/static/10/83/audio/denuncia.3gp', 83, '2025-10-12 04:33:59'),
	(43, 'mysite/static/10/84/audio/denuncia.3gp', 84, '2025-10-12 04:33:59'),
	(44, 'mysite/static/10/85/audio/denuncia.m4a', 85, '2025-10-12 04:33:59'),
	(45, 'mysite/static/10/86/audio/denuncia.m4a', 86, '2025-10-12 04:33:59'),
	(46, 'mysite/static/12/89/audio/denuncia.m4a', 89, '2025-10-12 04:33:59'),
	(47, 'mysite/static/12/90/audio/denuncia.m4a', 90, '2025-10-12 04:33:59'),
	(48, 'mysite/static/10/91/audio/denuncia.m4a', 91, '2025-10-12 04:33:59'),
	(49, 'mysite/static/10/93/audio/denuncia.m4a', 93, '2025-10-12 04:33:59'),
	(50, 'mysite/static/10/98/audio/denuncia.m4a', 98, '2025-10-12 04:33:59'),
	(51, 'mysite/static/10/99/audio/denuncia.m4a', 99, '2025-10-12 04:33:59'),
	(52, 'static/uploads/3/101/audio/vallas.png', 101, '2025-10-12 04:33:59'),
	(53, 'static/uploads/10/102/audio/denuncia.m4a', 102, '2025-10-12 04:33:59'),
	(54, 'static/uploads\\10\\106\\audio_20251011_231211.3gp', 106, '2025-10-12 04:33:59'),
	(55, 'static/uploads\\10\\107\\audio_20251011_232845.m4a', 107, '2025-10-12 04:33:59'),
	(56, 'static/uploads/10/109/audio/denuncia.m4a', 109, '2025-10-14 20:21:32'),
	(57, 'static/uploads\\10\\110\\audio_20251014_153009.m4a', 110, '2025-10-14 20:30:10'),
	(58, 'static/uploads/3/111/audio/vallas.png', 111, '2025-10-15 07:29:29'),
	(59, 'static/uploads/10/112/audio/denuncia.m4a', 112, '2025-10-15 07:34:41'),
	(60, 'static/uploads/10/113/audio/denuncia.m4a', 113, '2025-10-15 08:18:42'),
	(61, 'static/uploads\\10\\114\\audio_20251017_101538.m4a', 114, '2025-10-17 15:15:38'),
	(62, 'static/uploads\\10\\115\\audio_20251017_193627.m4a', 115, '2025-10-18 00:36:28'),
	(63, 'static/uploads/16/116/audio_20251020_042649.m4a', 116, '2025-10-20 04:26:49'),
	(64, 'static/uploads/16/118/audio_20251020_045245.m4a', 118, '2025-10-20 04:52:45'),
	(65, 'static/uploads/16/119/audio/denuncia.m4a', 119, '2025-10-20 04:53:21'),
	(66, 'static/uploads/16/120/audio/denuncia.m4a', 120, '2025-10-21 19:49:17'),
	(67, 'static/uploads/10/121/audio/denuncia.m4a', 121, '2025-10-26 19:44:45'),
	(68, 'static/uploads/10/122/audio_20251026_194523.m4a', 122, '2025-10-26 19:45:23'),
	(69, 'static/uploads/10/123/audio/denuncia.m4a', 123, '2025-11-13 15:35:21'),
	(70, 'static/uploads/10/124/audio_20251113_153953.m4a', 124, '2025-11-13 15:39:53'),
	(71, 'static/uploads/10/125/audio_20251113_155123.m4a', 125, '2025-11-13 15:51:23'),
	(72, 'static/uploads/10/126/audio/denuncia.m4a', 126, '2025-11-13 15:53:27'),
	(73, 'static/uploads/10/127/audio_20251117_161603.m4a', 127, '2025-11-17 16:16:03'),
	(74, 'static/uploads/10/128/audio/denuncia.m4a', 128, '2025-11-17 16:17:00'),
	(75, 'static/uploads/10/129/audio_20251118_033013.m4a', 129, '2025-11-18 03:30:13'),
	(76, 'static/uploads/10/130/audio/denuncia.m4a', 130, '2025-11-18 03:59:59'),
	(77, 'static/uploads/10/132/audio_20251118_154634.m4a', 132, '2025-11-18 15:46:34'),
	(78, 'static/uploads/10/133/audio_20251118_155107.m4a', 133, '2025-11-18 15:51:07'),
	(79, 'static/uploads/10/134/audio_20251118_155203.m4a', 134, '2025-11-18 15:52:03'),
	(80, 'static/uploads/10/135/audio/vallas.png', 135, '2025-11-18 16:10:17'),
	(81, 'static/uploads/10/137/audio_20251118_224054.m4a', 137, '2025-11-18 22:40:54'),
	(82, 'static/uploads/10/139/audio_20251119_001057.m4a', 139, '2025-11-19 00:10:57'),
	(83, 'static/uploads/10/140/audio_20251119_032327.m4a', 140, '2025-11-19 03:23:27'),
	(84, 'static/uploads/10/141/audio_20251119_032754.m4a', 141, '2025-11-19 03:27:54'),
	(85, 'static/uploads/10/142/audio_20251119_034826.m4a', 142, '2025-11-19 03:48:26'),
	(86, 'static/uploads/10/143/audio_20251119_034941.m4a', 143, '2025-11-19 03:49:41'),
	(87, 'static/uploads/10/144/audio_20251119_035205.m4a', 144, '2025-11-19 03:52:05'),
	(88, 'static/uploads/10/148/audio_20251119_040409.m4a', 148, '2025-11-19 04:04:09'),
	(89, 'static/uploads/10/150/audio_20251119_042925.m4a', 150, '2025-11-19 04:29:25'),
	(90, 'static/uploads/10/151/audio_20251119_043017.m4a', 151, '2025-11-19 04:30:17'),
	(91, 'static/uploads/10/152/audio/denuncia_audio.m4a', 152, '2025-11-19 04:33:03'),
	(92, 'static/uploads/10/153/audio_20251119_043421.m4a', 153, '2025-11-19 04:34:21'),
	(93, 'static/uploads/10/154/audio_20251118_234401.m4a', 154, '2025-11-19 04:44:01'),
	(94, 'static/uploads/10/155/audio_20251118_234616.m4a', 155, '2025-11-19 04:46:16'),
	(95, 'static/uploads/10/156/audio_20251118_235359.m4a', 156, '2025-11-19 04:53:59'),
	(96, 'static/uploads/10/157/audio_20251119_000725.m4a', 157, '2025-11-19 05:07:25'),
	(97, 'static/uploads/10/158/audio_20251119_000907.m4a', 158, '2025-11-19 05:09:07'),
	(98, 'static/uploads/10/159/audio_20251119_001135.m4a', 159, '2025-11-19 05:11:35'),
	(99, 'static/uploads/10/160/audio_20251119_002659.m4a', 160, '2025-11-19 05:26:59'),
	(100, 'static/uploads/10/161/audio_20251119_003529.m4a', 161, '2025-11-19 05:35:29'),
	(101, 'static/uploads/10/162/audio_20251119_004135.m4a', 162, '2025-11-19 05:41:35'),
	(102, 'static/uploads/10/163/audio_20251119_004201.m4a', 163, '2025-11-19 05:42:01'),
	(103, 'static/uploads/10/164/audio_20251119_004327.m4a', 164, '2025-11-19 05:43:27'),
	(104, 'static/uploads/10/166/audio_20251119_010151.m4a', 166, '2025-11-19 06:01:51'),
	(105, 'static/uploads/10/167/audio/denuncia_audio.m4a', 167, '2025-11-19 14:41:15'),
	(106, 'static/uploads/10/168/audio/denuncia_audio.m4a', 168, '2025-11-19 14:41:26'),
	(107, 'static/uploads/10/169/audio/denuncia_audio.m4a', 169, '2025-11-19 14:41:29'),
	(108, 'static/uploads/10/170/audio_20251119_095057.m4a', 170, '2025-11-19 14:50:57'),
	(109, 'static/uploads/10/176/audio_20251119_110232.m4a', 176, '2025-11-19 16:02:32'),
	(110, 'static/uploads/10/178/audio/denuncia_audio.m4a', 178, '2025-11-19 17:02:46'),
	(111, 'static/uploads/10/181/audio_20251120_092526.m4a', 181, '2025-11-20 14:25:26'),
	(112, 'static/uploads/10/183/audio_20251120_092611.m4a', 183, '2025-11-20 14:26:11'),
	(113, 'static/uploads/10/185/audio/denuncia_audio.m4a', 185, '2025-11-20 14:39:49'),
	(114, 'static/uploads/10/188/audio/vallas.png', 188, '2025-11-25 19:02:09'),
	(115, 'static/uploads/10/189/audio/denuncia_audio.m4a', 189, '2025-11-25 20:13:48');

-- Dumping structure for table munireque$bd_muni_reque.configuracion_ratios
CREATE TABLE IF NOT EXISTS `configuracion_ratios` (
  `id_config` int NOT NULL AUTO_INCREMENT,
  `categoria` varchar(50) CHARACTER SET utf8mb3 COLLATE utf8mb3_general_ci NOT NULL,
  `subcategoria` varchar(50) CHARACTER SET utf8mb3 COLLATE utf8mb3_general_ci NOT NULL,
  `nombre_parametro` varchar(100) CHARACTER SET utf8mb3 COLLATE utf8mb3_general_ci NOT NULL,
  `valor` decimal(10,2) NOT NULL,
  `descripcion` text CHARACTER SET utf8mb3 COLLATE utf8mb3_general_ci,
  `unidad` varchar(50) CHARACTER SET utf8mb3 COLLATE utf8mb3_general_ci DEFAULT NULL,
  `editable` tinyint(1) NOT NULL DEFAULT '1' COMMENT '1=Editable, 0=Solo lectura',
  `fecha_actualizacion` timestamp NOT NULL DEFAULT CURRENT_TIMESTAMP ON UPDATE CURRENT_TIMESTAMP,
  PRIMARY KEY (`id_config`) USING BTREE,
  UNIQUE KEY `idx_config_unica` (`categoria`,`subcategoria`,`nombre_parametro`) USING BTREE,
  KEY `idx_categoria` (`categoria`) USING BTREE
) ENGINE=InnoDB AUTO_INCREMENT=35 DEFAULT CHARSET=utf8mb3 COMMENT='Configuración de ratios operativos para cálculo de recursos';

-- Dumping data for table munireque$bd_muni_reque.configuracion_ratios: ~34 rows (approximately)
INSERT INTO `configuracion_ratios` (`id_config`, `categoria`, `subcategoria`, `nombre_parametro`, `valor`, `descripcion`, `unidad`, `editable`, `fecha_actualizacion`) VALUES
	(1, 'SERENO', 'CAPACIDAD', 'llamadas_mes', 15.00, 'Número de llamadas de emergencia que puede atender un sereno al mes', 'llamadas/mes', 1, '2025-10-14 04:05:41'),
	(2, 'SERENO', 'CAPACIDAD', 'casos_mes', 8.00, 'Número de casos de denuncia que puede gestionar un sereno al mes', 'casos/mes', 1, '2025-10-14 04:05:41'),
	(3, 'POLICIA', 'CAPACIDAD', 'llamadas_mes', 20.00, 'Número de llamadas de emergencia que puede atender un policía al mes', 'llamadas/mes', 1, '2025-10-14 04:05:41'),
	(4, 'POLICIA', 'CAPACIDAD', 'casos_mes', 12.00, 'Número de casos administrativos que puede gestionar un policía al mes', 'casos/mes', 1, '2025-10-14 04:05:41'),
	(5, 'BOMBERO', 'CAPACIDAD', 'llamadas_mes', 30.00, 'Número de llamadas que puede atender un bombero al mes (trabajan en brigadas)', 'llamadas/mes', 1, '2025-10-14 04:05:41'),
	(6, 'BOMBERO', 'CAPACIDAD', 'casos_mes', 5.00, 'Número de casos de prevención que puede gestionar un bombero al mes', 'casos/mes', 1, '2025-10-14 04:05:41'),
	(7, 'AMBULANCIA', 'CAPACIDAD', 'llamadas_mes', 26.00, 'Número de llamadas médicas que puede atender una ambulancia al mes', 'llamadas/mes', 1, '2025-10-21 19:38:22'),
	(8, 'AMBULANCIA', 'OPERACION', 'turnos_dia', 3.00, 'Número de turnos diarios de 8 horas por ambulancia', 'turnos/día', 1, '2025-10-14 04:05:41'),
	(9, 'VEHICULO_SERENAZGO', 'CAPACIDAD', 'llamadas_mes', 50.00, 'Número de llamadas que puede cubrir un vehículo de serenazgo al mes', 'llamadas/mes', 1, '2025-10-14 04:05:41'),
	(10, 'VEHICULO_SERENAZGO', 'MANTENIMIENTO', 'vida_util_meses', 120.00, 'Vida útil promedio de un vehículo de serenazgo', 'meses', 1, '2025-10-14 04:05:41'),
	(11, 'VEHICULO_POLICIA', 'CAPACIDAD', 'llamadas_mes', 60.00, 'Número de llamadas que puede cubrir una patrulla policial al mes', 'llamadas/mes', 1, '2025-10-14 04:05:41'),
	(12, 'VEHICULO_POLICIA', 'MANTENIMIENTO', 'vida_util_meses', 120.00, 'Vida útil promedio de una patrulla policial', 'meses', 1, '2025-10-14 04:05:41'),
	(13, 'VEHICULO_BOMBEROS', 'CAPACIDAD', 'llamadas_mes', 40.00, 'Número de emergencias que puede atender un camión de bomberos al mes', 'llamadas/mes', 1, '2025-10-14 04:05:41'),
	(14, 'VEHICULO_BOMBEROS', 'MANTENIMIENTO', 'vida_util_meses', 180.00, 'Vida útil promedio de un vehículo de bomberos', 'meses', 1, '2025-10-14 04:05:41'),
	(15, 'PRESUPUESTO', 'OPERATIVO', 'costo_caso', 50.00, 'Costo operativo promedio por caso atendido', 'soles/caso', 1, '2025-10-14 04:05:41'),
	(16, 'PRESUPUESTO', 'OPERATIVO', 'overhead', 1.15, 'Factor de overhead operativo (15%)', 'multiplicador', 1, '2025-10-14 04:05:41'),
	(17, 'PRESUPUESTO', 'SALARIOS', 'salario_sereno_mensual', 1500.00, 'Salario mensual promedio de un sereno', 'soles/mes', 1, '2025-10-14 04:05:41'),
	(18, 'PRESUPUESTO', 'SALARIOS', 'salario_policia_mensual', 2500.00, 'Salario mensual promedio de un policía', 'soles/mes', 1, '2025-10-14 04:05:41'),
	(19, 'PRESUPUESTO', 'SALARIOS', 'salario_bombero_mensual', 2200.00, 'Salario mensual promedio de un bombero', 'soles/mes', 1, '2025-10-14 04:05:41'),
	(20, 'PRESUPUESTO', 'VEHICULOS', 'costo_vehiculo_serenazgo', 80000.00, 'Costo de adquisición de un vehículo de serenazgo', 'soles', 1, '2025-10-14 04:05:41'),
	(21, 'PRESUPUESTO', 'VEHICULOS', 'costo_vehiculo_policia', 120000.00, 'Costo de adquisición de una patrulla policial', 'soles', 1, '2025-10-14 04:05:41'),
	(22, 'PRESUPUESTO', 'VEHICULOS', 'costo_vehiculo_bomberos', 500000.00, 'Costo de adquisición de un camión de bomberos', 'soles', 1, '2025-10-14 04:05:41'),
	(23, 'PRESUPUESTO', 'VEHICULOS', 'costo_ambulancia', 150000.00, 'Costo de adquisición de una ambulancia equipada', 'soles', 1, '2025-10-14 04:05:41'),
	(24, 'PRESUPUESTO', 'MANTENIMIENTO', 'costo_vehiculo_mes', 800.00, 'Costo promedio de mantenimiento vehicular mensual', 'soles/mes', 1, '2025-10-14 04:05:41'),
	(25, 'PRESUPUESTO', 'MANTENIMIENTO', 'costo_combustible_mes', 500.00, 'Costo promedio de combustible por vehículo al mes', 'soles/mes', 1, '2025-10-14 04:05:41'),
	(26, 'TIEMPO', 'LABORAL', 'horas_caso', 2.00, 'Horas-hombre promedio necesarias por caso', 'horas/caso', 1, '2025-10-14 04:05:41'),
	(27, 'TIEMPO', 'LABORAL', 'dias_laborables_mes', 22.00, 'Número de días laborables al mes', 'días/mes', 1, '2025-10-14 04:05:41'),
	(28, 'TIEMPO', 'LABORAL', 'horas_turno', 8.00, 'Horas por turno de trabajo', 'horas/turno', 1, '2025-10-14 04:05:41'),
	(29, 'TIEMPO', 'RESPUESTA', 'tiempo_critico_minutos', 5.00, 'Tiempo máximo de respuesta para emergencias críticas', 'minutos', 1, '2025-10-14 04:05:41'),
	(30, 'TIEMPO', 'RESPUESTA', 'tiempo_urgente_minutos', 15.00, 'Tiempo máximo de respuesta para urgencias', 'minutos', 1, '2025-10-14 04:05:41'),
	(31, 'TIEMPO', 'RESPUESTA', 'tiempo_regular_minutos', 60.00, 'Tiempo máximo de respuesta para casos regulares', 'minutos', 1, '2025-10-14 04:05:41'),
	(32, 'INFRAESTRUCTURA', 'COMISARIA', 'personal_maximo', 15.00, 'Capacidad máxima de personal por comisaría', 'personas', 1, '2025-10-14 04:05:41'),
	(33, 'INFRAESTRUCTURA', 'ESTACION_BOMBEROS', 'personal_maximo', 20.00, 'Capacidad máxima de personal por estación de bomberos', 'personas', 1, '2025-10-14 04:05:41'),
	(34, 'INFRAESTRUCTURA', 'CENTRO_SALUD', 'personal_maximo', 10.00, 'Capacidad máxima de personal por centro de salud', 'personas', 1, '2025-10-14 04:05:41');

-- Dumping structure for table munireque$bd_muni_reque.correo_institucional
CREATE TABLE IF NOT EXISTS `correo_institucional` (
  `id_correo` int NOT NULL AUTO_INCREMENT,
  `nombre_area` varchar(100) NOT NULL,
  `correo` varchar(100) NOT NULL,
  `contra` varchar(50) NOT NULL,
  PRIMARY KEY (`id_correo`)
) ENGINE=InnoDB AUTO_INCREMENT=13 DEFAULT CHARSET=utf8mb3;

-- Dumping data for table munireque$bd_muni_reque.correo_institucional: ~6 rows (approximately)
INSERT INTO `correo_institucional` (`id_correo`, `nombre_area`, `correo`, `contra`) VALUES
	(1, 'riesgos y desastres', 'riesgos@gmail.com', '1234'),
	(2, 'gestión ambiental', 'gestion@gmail.com', '1234'),
	(3, 'gerencia de servicios municipales', 'municipales@gmail.com', '1234'),
	(4, 'informatica', 'electronico4208978@gmail.com', '1234'),
	(5, 'serenazgo', 'serenazgo@gmail.com', '1234'),
	(6, 'fizcalizacion', 'fizcalizacion@gmail.com', '1234'),
	(7, 'area prueba', 'prueba@gmail.com', '1234'),
	(8, 'policia', 'policia@gmail.com', '1234'),
	(9, 'bomberos chiclayo', 'bomberos_chiclayo@gmail.com', '1234'),
	(10, 'ambulancia', 'ambulancia@gmail.com', '1234'),
	(11, 'bomberos monsefu', 'bomberos_monsefu@gmail.com', '1234'),
	(12, 'Area de prueba emergencia', 'prueba_emergencia@gmail.com', '12345678');

-- Dumping structure for table munireque$bd_muni_reque.denuncia
CREATE TABLE IF NOT EXISTS `denuncia` (
  `id_denuncia` int NOT NULL AUTO_INCREMENT,
  `nombre` varchar(62) DEFAULT NULL,
  PRIMARY KEY (`id_denuncia`)
) ENGINE=InnoDB AUTO_INCREMENT=13 DEFAULT CHARSET=utf8mb3;

-- Dumping data for table munireque$bd_muni_reque.denuncia: ~11 rows (approximately)
INSERT INTO `denuncia` (`id_denuncia`, `nombre`) VALUES
	(1, 'ruidos molestos'),
	(2, 'Bulling y violencia familiar'),
	(3, 'Ocupación via publica'),
	(4, 'parques y jardines'),
	(5, 'limpieza publica'),
	(6, 'negocios informales'),
	(7, 'Otros'),
	(8, 'peleas y conflictos'),
	(9, 'Lluvias intensas'),
	(10, 'Sismos'),
	(11, 'Incendio urbano'),
	(12, 'Riesgo de colapso');

-- Dumping structure for table munireque$bd_muni_reque.denuncia_correo
CREATE TABLE IF NOT EXISTS `denuncia_correo` (
  `id_denuncia` int NOT NULL,
  `id_correo` int NOT NULL,
  `estado` bit(1) NOT NULL,
  PRIMARY KEY (`id_denuncia`,`id_correo`),
  KEY `FKcorreo_detalle` (`id_correo`),
  CONSTRAINT `FKcorreo_detalle` FOREIGN KEY (`id_correo`) REFERENCES `correo_institucional` (`id_correo`),
  CONSTRAINT `FKdenuncia_detalle` FOREIGN KEY (`id_denuncia`) REFERENCES `denuncia` (`id_denuncia`)
) ENGINE=InnoDB DEFAULT CHARSET=utf8mb3;

-- Dumping data for table munireque$bd_muni_reque.denuncia_correo: ~19 rows (approximately)
INSERT INTO `denuncia_correo` (`id_denuncia`, `id_correo`, `estado`) VALUES
	(1, 4, b'1'),
	(1, 6, b'1'),
	(2, 3, b'1'),
	(2, 4, b'1'),
	(3, 2, b'1'),
	(3, 4, b'1'),
	(3, 7, b'0'),
	(4, 3, b'1'),
	(4, 4, b'1'),
	(4, 7, b'0'),
	(5, 2, b'1'),
	(5, 4, b'1'),
	(6, 4, b'1'),
	(6, 6, b'1'),
	(7, 3, b'1'),
	(7, 4, b'1'),
	(7, 7, b'0'),
	(8, 4, b'1'),
	(8, 5, b'1'),
	(9, 1, b'1'),
	(9, 4, b'1'),
	(10, 1, b'1'),
	(10, 4, b'1'),
	(11, 1, b'1'),
	(11, 4, b'1'),
	(12, 1, b'1'),
	(12, 4, b'1');

-- Dumping structure for table munireque$bd_muni_reque.emergencia
CREATE TABLE IF NOT EXISTS `emergencia` (
  `id_numero_emergencia` int NOT NULL AUTO_INCREMENT,
  `nombre_emergencia` varchar(50) CHARACTER SET utf8mb3 COLLATE utf8mb3_general_ci NOT NULL,
  `numero` varchar(9) NOT NULL,
  PRIMARY KEY (`id_numero_emergencia`)
) ENGINE=InnoDB AUTO_INCREMENT=7 DEFAULT CHARSET=utf8mb3;

-- Dumping data for table munireque$bd_muni_reque.emergencia: ~5 rows (approximately)
INSERT INTO `emergencia` (`id_numero_emergencia`, `nombre_emergencia`, `numero`) VALUES
	(2, 'policia', '911'),
	(3, 'serenazgo', '955'),
	(4, 'ambulancia', '666'),
	(5, 'bomberos monsefu', '444'),
	(6, 'bomberos chiclayo', '922');

-- Dumping structure for table munireque$bd_muni_reque.emergencia_correo
CREATE TABLE IF NOT EXISTS `emergencia_correo` (
  `id_numero_emergencia` int NOT NULL,
  `id_correo` int NOT NULL,
  `estado` bit(1) NOT NULL,
  PRIMARY KEY (`id_numero_emergencia`,`id_correo`),
  KEY `FK_CORREO` (`id_correo`),
  CONSTRAINT `FK_CORREO` FOREIGN KEY (`id_correo`) REFERENCES `correo_institucional` (`id_correo`),
  CONSTRAINT `FK_EMERGENCIA_EMERGENCIA` FOREIGN KEY (`id_numero_emergencia`) REFERENCES `emergencia` (`id_numero_emergencia`)
) ENGINE=InnoDB DEFAULT CHARSET=utf8mb3;

-- Dumping data for table munireque$bd_muni_reque.emergencia_correo: ~12 rows (approximately)
INSERT INTO `emergencia_correo` (`id_numero_emergencia`, `id_correo`, `estado`) VALUES
	(2, 4, b'1'),
	(2, 8, b'1'),
	(3, 4, b'1'),
	(3, 5, b'1'),
	(4, 4, b'1'),
	(4, 10, b'1'),
	(5, 4, b'1'),
	(5, 11, b'1'),
	(5, 12, b'0'),
	(6, 4, b'1'),
	(6, 9, b'1'),
	(6, 12, b'0');

-- Dumping structure for table munireque$bd_muni_reque.foto
CREATE TABLE IF NOT EXISTS `foto` (
  `id_foto` int NOT NULL AUTO_INCREMENT,
  `ubicacion_foto` varchar(50) NOT NULL,
  `id_incidencia` int DEFAULT NULL,
  PRIMARY KEY (`id_foto`),
  KEY `id_incidencia` (`id_incidencia`),
  CONSTRAINT `foto_ibfk_1` FOREIGN KEY (`id_incidencia`) REFERENCES `incidencia` (`id_incidencia`)
) ENGINE=InnoDB AUTO_INCREMENT=118 DEFAULT CHARSET=utf8mb3;

-- Dumping data for table munireque$bd_muni_reque.foto: ~79 rows (approximately)
INSERT INTO `foto` (`id_foto`, `ubicacion_foto`, `id_incidencia`) VALUES
	(1, 'static/3/foto/OIP.jpeg', 12),
	(2, 'static/3/foto/OIP.jpeg', 12),
	(3, 'mysite/static/3/foto/OIP.jpeg', 13),
	(4, 'mysite/static/3/foto/OIP.jpeg', 13),
	(5, 'mysite/static/3/foto/imagen.jpg', 14),
	(6, 'mysite/static/3/foto/imagen.jpg', 14),
	(7, 'mysite/static/3/foto/imagen.jpg', 17),
	(8, 'mysite/static/3/foto/imagen.jpg', 17),
	(9, 'static/3/20/foto/imagen1.jpg', 20),
	(10, 'static/3/20/foto/imagen2.jpg', 20),
	(11, 'static/3/20/foto/imagen3.jpg', 20),
	(12, 'mysite/static/3/23/foto/imagen1.jpg', 23),
	(13, 'mysite/static/3/23/foto/imagen2.jpg', 23),
	(14, 'mysite/static/3/23/foto/imagen3.jpg', 23),
	(15, 'mysite/static/3/25/foto/imagen1.jpg', 25),
	(16, 'mysite/static/3/25/foto/imagen2.jpg', 25),
	(17, 'mysite/static/3/25/foto/imagen3.jpg', 25),
	(18, 'mysite/static/3/26/foto/imagen1.jpg', 26),
	(19, 'mysite/static/3/26/foto/imagen2.jpg', 26),
	(20, 'mysite/static/3/26/foto/imagen3.jpg', 26),
	(21, 'mysite/static/3/26/foto/imagen4.jpg', 26),
	(22, 'static/3/28/foto/imagen3_1.jpg', 28),
	(23, 'static/3/28/foto/microfono.png', 28),
	(24, 'mysite/static/3/29/foto/imagen1.jpg', 29),
	(25, 'mysite/static/3/29/foto/imagen2.jpg', 29),
	(26, 'mysite/static/3/30/foto/imagen1.jpg', 30),
	(27, 'mysite/static/3/32/foto/imagen1.jpg', 32),
	(28, 'mysite/static/3/34/foto/imagen1.jpg', 34),
	(29, 'mysite/static/3/35/foto/imagen1.jpg', 35),
	(30, 'mysite/static/4/36/foto/imagen1.jpg', 36),
	(31, 'mysite/static/4/38/foto/imagen1.jpg', 38),
	(32, 'mysite/static/4/39/foto/imagen1.jpg', 39),
	(33, 'mysite/static/4/40/foto/imagen1.jpg', 40),
	(34, 'mysite/static/4/41/foto/imagen1.jpg', 41),
	(35, 'mysite/static/4/42/foto/imagen1.jpg', 42),
	(36, 'mysite/static/4/43/foto/imagen1.jpg', 43),
	(37, 'mysite/static/4/43/foto/imagen2.jpg', 43),
	(38, 'mysite/static/3/44/foto/imagen3_1.jpg', 44),
	(39, 'mysite/static/3/44/foto/microfono.png', 44),
	(40, 'mysite/static/4/45/foto/imagen1.jpg', 45),
	(41, 'mysite/static/4/45/foto/imagen2.jpg', 45),
	(42, 'mysite/static/4/45/foto/imagen3.jpg', 45),
	(43, 'mysite/static/4/46/foto/imagen1.jpg', 46),
	(44, 'mysite/static/4/47/foto/imagen1.jpg', 47),
	(45, 'mysite/static/3/49/foto/imagen3_1.jpg', 49),
	(46, 'mysite/static/3/49/foto/microfono.png', 49),
	(47, 'mysite/static/4/50/foto/imagen1.jpg', 50),
	(48, 'mysite/static/4/50/foto/imagen2.jpg', 50),
	(49, 'mysite/static/3/51/foto/imagen1.jpg', 51),
	(50, 'mysite/static/3/51/foto/imagen2.jpg', 51),
	(51, 'mysite/static/3/51/foto/imagen3.jpg', 51),
	(52, 'mysite/static/3/52/foto/imagen1.jpg', 52),
	(53, 'mysite/static/4/57/foto/imagen1.jpg', 57),
	(54, 'mysite/static/3/59/foto/imagen3_1.jpg', 59),
	(55, 'mysite/static/3/59/foto/microfono.png', 59),
	(56, 'mysite/static/4/60/foto/imagen1.jpg', 60),
	(57, 'mysite/static/4/60/foto/imagen2.jpg', 60),
	(58, 'mysite/static/4/60/foto/imagen3.jpg', 60),
	(59, 'mysite/static/9/62/foto/imagen1.jpg', 62),
	(60, 'mysite/static/10/63/foto/imagen1.jpg', 63),
	(61, 'mysite/static/4/65/foto/imagen1.jpg', 65),
	(62, 'mysite/static/4/66/foto/imagen1.jpg', 66),
	(63, 'mysite/static/3/70/foto/imagen3_1.jpg', 70),
	(64, 'mysite/static/3/70/foto/microfono.png', 70),
	(65, 'mysite/static/3/71/foto/imagen3_1.jpg', 71),
	(66, 'mysite/static/3/71/foto/microfono.png', 71),
	(67, 'mysite/static/4/72/foto/imagen1.jpg', 72),
	(68, 'mysite/static/10/78/foto/imagen1.jpg', 78),
	(69, 'mysite/static/10/81/foto/imagen1.jpg', 81),
	(70, 'mysite/static/10/83/foto/imagen1.jpg', 83),
	(71, 'mysite/static/10/84/foto/imagen1.jpg', 84),
	(72, 'mysite/static/10/85/foto/imagen1.jpg', 85),
	(73, 'mysite/static/10/86/foto/imagen1.jpg', 86),
	(74, 'mysite/static/12/89/foto/imagen1.jpg', 89),
	(75, 'mysite/static/12/90/foto/imagen1.jpg', 90),
	(76, 'mysite/static/12/90/foto/imagen2.jpg', 90),
	(77, 'mysite/static/12/90/foto/imagen3.jpg', 90),
	(78, 'mysite/static/12/90/foto/imagen4.jpg', 90),
	(79, 'mysite/static/12/90/foto/imagen5.jpg', 90),
	(80, 'mysite/static/12/90/foto/imagen6.jpg', 90),
	(81, 'mysite/static/12/90/foto/imagen7.jpg', 90),
	(82, 'mysite/static/12/90/foto/imagen8.jpg', 90),
	(83, 'mysite/static/10/98/foto/imagen1.jpg', 98),
	(84, 'mysite/static/10/99/foto/imagen1.jpg', 99),
	(85, 'static/uploads/3/101/foto/imagen3_1.jpg', 101),
	(86, 'static/uploads/3/101/foto/microfono.png', 101),
	(87, 'static/uploads/10/109/foto/imagen1.jpg', 109),
	(88, 'static/uploads/3/111/foto/imagen3_1.jpg', 111),
	(89, 'static/uploads/3/111/foto/microfono.png', 111),
	(90, 'static/uploads/10/112/foto/imagen1.jpg', 112),
	(91, 'static/uploads/10/113/foto/imagen1.jpg', 113),
	(92, 'static/uploads/16/117/foto/imagen1.jpg', 117),
	(93, 'static/uploads/16/119/foto/imagen1.jpg', 119),
	(94, 'static/uploads/16/120/foto/imagen1.jpg', 120),
	(95, 'static/uploads/10/121/foto/imagen1.jpg', 121),
	(96, 'static/uploads/10/123/foto/imagen1.jpg', 123),
	(97, 'static/uploads/10/123/foto/imagen2.jpg', 123),
	(98, 'static/uploads/10/126/foto/imagen1.jpg', 126),
	(99, 'static/uploads/10/128/foto/imagen1.jpg', 128),
	(100, 'static/uploads/10/130/foto/imagen1.jpg', 130),
	(101, 'static/uploads/10/131/foto/imagen1.jpg', 131),
	(102, 'static/uploads/10/135/foto/imagen3_1.jpg', 135),
	(103, 'static/uploads/10/135/foto/microfono.png', 135),
	(104, 'static/uploads/10/149/foto/imagen_1.jpg', 149),
	(105, 'static/uploads/10/152/foto/imagen_1.jpg', 152),
	(106, 'static/uploads/10/165/foto/imagen_1.jpg', 165),
	(107, 'static/uploads/10/167/foto/imagen_1.jpg', 167),
	(108, 'static/uploads/10/168/foto/imagen_1.jpg', 168),
	(109, 'static/uploads/10/169/foto/imagen_1.jpg', 169),
	(110, 'static/uploads/10/171/foto/imagen_1.jpg', 171),
	(111, 'static/uploads/10/172/foto/imagen_1.jpg', 172),
	(112, 'static/uploads/10/173/foto/imagen_1.jpg', 173),
	(113, 'static/uploads/10/174/foto/imagen_1.jpg', 174),
	(114, 'static/uploads/10/178/foto/imagen_1.jpg', 178),
	(115, 'static/uploads/10/185/foto/imagen_1.jpg', 185),
	(116, 'static/uploads/10/188/foto/imagen3_1.jpg', 188),
	(117, 'static/uploads/10/188/foto/microfono.png', 188);

-- Dumping structure for table munireque$bd_muni_reque.historial_cambios
CREATE TABLE IF NOT EXISTS `historial_cambios` (
  `id_historial` int NOT NULL AUTO_INCREMENT,
  `tipo_registro` enum('RECURSO','CONFIGURACION') NOT NULL,
  `id_registro` int NOT NULL,
  `campo_modificado` varchar(100) CHARACTER SET utf8mb3 COLLATE utf8mb3_general_ci NOT NULL,
  `valor_anterior` varchar(255) CHARACTER SET utf8mb3 COLLATE utf8mb3_general_ci DEFAULT NULL,
  `valor_nuevo` varchar(255) CHARACTER SET utf8mb3 COLLATE utf8mb3_general_ci NOT NULL,
  `usuario` varchar(100) CHARACTER SET utf8mb3 COLLATE utf8mb3_general_ci DEFAULT NULL COMMENT 'Usuario que realizó el cambio',
  `motivo` text CHARACTER SET utf8mb3 COLLATE utf8mb3_general_ci,
  `fecha_cambio` timestamp NOT NULL DEFAULT CURRENT_TIMESTAMP,
  PRIMARY KEY (`id_historial`) USING BTREE,
  KEY `idx_tipo_registro` (`tipo_registro`,`id_registro`) USING BTREE,
  KEY `idx_fecha` (`fecha_cambio`) USING BTREE
) ENGINE=InnoDB AUTO_INCREMENT=26 DEFAULT CHARSET=utf8mb3 COMMENT='Auditoría de cambios en recursos y configuración';

-- Dumping data for table munireque$bd_muni_reque.historial_cambios: ~19 rows (approximately)
INSERT INTO `historial_cambios` (`id_historial`, `tipo_registro`, `id_registro`, `campo_modificado`, `valor_anterior`, `valor_nuevo`, `usuario`, `motivo`, `fecha_cambio`) VALUES
	(1, 'RECURSO', 1, 'cantidad', '145', '150', 'admin', 'Contratación de nuevo personal', '2025-10-14 04:10:46'),
	(2, 'CONFIGURACION', 13, 'valor', '45.00', '50.00', 'admin', 'Ajuste de costos operativos', '2025-10-14 04:10:46'),
	(3, 'RECURSO', 7, 'cantidad', '7', '8', 'admin', 'Adquisición de nueva ambulancia', '2025-10-14 04:10:46'),
	(4, 'RECURSO', 11, 'creacion', NULL, 'cantidad=10', 'test_user', 'Creación de nuevo recurso', '2025-10-14 06:28:23'),
	(5, 'RECURSO', 3, 'cantidad', '50', '55', 'admin', 'Actualización de cantidad', '2025-10-14 07:33:26'),
	(6, 'RECURSO', 11, 'eliminacion', 'recursos_test (cantidad: 10)', 'ELIMINADO', 'admin', 'Eliminación de recurso', '2025-10-14 08:46:57'),
	(7, 'RECURSO', 12, 'creacion', NULL, 'cantidad=150', 'admin', 'Creación de nuevo recurso', '2025-10-16 04:49:43'),
	(8, 'RECURSO', 12, 'cantidad', '150', '160', 'admin', 'Actualización de cantidad', '2025-10-16 04:50:37'),
	(9, 'CONFIGURACION', 7, 'valor', '25.00', '26.0', 'admin', 'Actualización de valor', '2025-10-21 19:38:22'),
	(10, 'RECURSO', 7, 'cantidad', '8', '2', 'admin', 'Actualización de cantidad', '2025-11-12 04:44:08'),
	(11, 'RECURSO', 3, 'cantidad', '55', '30', 'admin', 'Actualización de cantidad', '2025-11-12 04:44:22'),
	(12, 'RECURSO', 10, 'cantidad', '4', '1', 'admin', 'Actualización de cantidad', '2025-11-12 04:44:33'),
	(13, 'RECURSO', 8, 'cantidad', '5', '1', 'admin', 'Actualización de cantidad', '2025-11-12 04:44:48'),
	(14, 'RECURSO', 9, 'cantidad', '3', '2', 'admin', 'Actualización de cantidad', '2025-11-12 04:45:03'),
	(15, 'RECURSO', 2, 'cantidad', '75', '20', 'admin', 'Actualización de cantidad', '2025-11-12 04:45:39'),
	(16, 'RECURSO', 1, 'cantidad', '150', '20', 'admin', 'Actualización de cantidad', '2025-11-12 04:45:51'),
	(17, 'RECURSO', 6, 'cantidad', '10', '2', 'admin', 'Actualización de cantidad', '2025-11-12 04:46:00'),
	(18, 'RECURSO', 5, 'cantidad', '15', '4', 'admin', 'Actualización de cantidad', '2025-11-12 04:46:13'),
	(19, 'RECURSO', 4, 'cantidad', '25', '6', 'admin', 'Actualización de cantidad', '2025-11-12 04:46:21'),
	(20, 'RECURSO', 13, 'creacion', NULL, 'cantidad=123', 'admin', 'Creación de nuevo recurso', '2025-11-26 06:14:39'),
	(21, 'RECURSO', 13, 'nombre', 'Pruebas', 'prueba', 'admin', 'Cambio de nombre', '2025-11-26 06:15:26'),
	(22, 'RECURSO', 13, 'cantidad', '123', '50', 'admin', 'Actualización de cantidad', '2025-11-26 06:15:26'),
	(23, 'RECURSO', 13, 'eliminacion', 'prueba (cantidad: 50)', 'ELIMINADO', 'admin', 'Eliminación de recurso', '2025-11-26 06:16:37'),
	(24, 'RECURSO', 14, 'creacion', NULL, 'cantidad=123', 'admin', 'Creación de nuevo recurso', '2025-11-26 06:19:22'),
	(25, 'RECURSO', 14, 'eliminacion', 'asd (cantidad: 123)', 'ELIMINADO', 'system', 'Eliminación de recurso', '2025-11-26 06:21:13');

-- Dumping structure for table munireque$bd_muni_reque.incidencia
CREATE TABLE IF NOT EXISTS `incidencia` (
  `id_incidencia` int NOT NULL AUTO_INCREMENT,
  `ubicacion` varchar(50) NOT NULL,
  `descripcion` text NOT NULL,
  `nivel_incidencia` char(1) NOT NULL,
  `estado` char(1) NOT NULL,
  `fecha` date NOT NULL,
  `hora` time NOT NULL,
  `verificacion_usuario` tinyint NOT NULL DEFAULT '1',
  `id_tipo_incidencia` int NOT NULL,
  `id_usuario` int NOT NULL,
  `id_numero_emergencia` int DEFAULT NULL,
  `id_denuncia` int DEFAULT NULL,
  PRIMARY KEY (`id_incidencia`),
  KEY `id_tipo_incidencia` (`id_tipo_incidencia`),
  KEY `id_usuario` (`id_usuario`),
  KEY `id_numero_emergencia` (`id_numero_emergencia`),
  KEY `fk_id_denuncia` (`id_denuncia`),
  CONSTRAINT `fk_id_denuncia` FOREIGN KEY (`id_denuncia`) REFERENCES `denuncia` (`id_denuncia`) ON DELETE SET NULL,
  CONSTRAINT `incidencia_ibfk_1` FOREIGN KEY (`id_tipo_incidencia`) REFERENCES `tipo_incidencia` (`id_tipo_incidencia`),
  CONSTRAINT `incidencia_ibfk_2` FOREIGN KEY (`id_usuario`) REFERENCES `usuario` (`id_usuario`),
  CONSTRAINT `incidencia_ibfk_3` FOREIGN KEY (`id_numero_emergencia`) REFERENCES `emergencia` (`id_numero_emergencia`)
) ENGINE=InnoDB AUTO_INCREMENT=190 DEFAULT CHARSET=utf8mb3;

-- Dumping data for table munireque$bd_muni_reque.incidencia: ~63 rows (approximately)
INSERT INTO `incidencia` (`id_incidencia`, `ubicacion`, `descripcion`, `nivel_incidencia`, `estado`, `fecha`, `hora`, `verificacion_usuario`, `id_tipo_incidencia`, `id_usuario`, `id_numero_emergencia`, `id_denuncia`) VALUES
	(5, '-6.872830,-79.817502', 'Incendio en el tercer piso', 'A', '1', '2025-05-11', '14:30:00', 1, 4, 3, 2, NULL),
	(6, 'Av. Central 123', 'Robo en proceso', 'A', '1', '2025-05-12', '05:05:00', 1, 4, 3, 4, NULL),
	(7, 'Av. Central 123', '-----', '3', '1', '2025-05-12', '05:50:00', 1, 4, 3, 4, NULL),
	(8, 'Av. Central 123', '-----', '3', '1', '2025-05-12', '05:55:00', 1, 4, 3, 3, NULL),
	(9, 'Av. Central 123', '-----', '3', '1', '2025-05-12', '05:55:00', 1, 4, 3, 5, NULL),
	(11, '-6.862899,-79.817932', 'Poste caído en la vía pública', 'A', '2', '2025-05-12', '15:45:00', 1, 3, 3, NULL, 5),
	(12, '-6.861251,-79.820882', 'Poste caído en la vía pública', 'A', '1', '2025-05-12', '15:45:00', 1, 3, 3, NULL, 5),
	(13, 'Av. Siempre Viva 742', 'Poste caído en la vía pública', 'A', '2', '2025-05-12', '15:45:00', 1, 3, 3, NULL, 5),
	(14, 'ubicacion', 'ssddq', 'A', '1', '2025-05-12', '16:54:26', 1, 3, 3, NULL, 5),
	(15, '-6.876922,-79.816280', '-----', '3', '3', '2025-05-12', '17:23:00', 1, 4, 3, 2, NULL),
	(16, 'Av. Central 123', '-----', '3', '1', '2025-05-12', '17:26:00', 1, 4, 3, 3, NULL),
	(17, 'ubicacion', 'pooo ', 'A', '2', '2025-05-12', '17:28:03', 1, 4, 3, NULL, 5),
	(20, 'ubicacion', 'ddddd', 'A', '1', '2025-05-13', '14:19:09', 1, 3, 3, NULL, 5),
	(23, 'ubicacion', 'asdasd', 'C', '3', '2025-05-13', '17:06:20', 1, 4, 3, NULL, 5),
	(25, 'ubicacion', 'asddd', 'C', '1', '2025-05-13', '17:14:38', 1, 3, 3, NULL, 6),
	(26, 'ubicacion', 'Ruido incomodo', 'A', '2', '2025-05-13', '17:23:00', 1, 3, 3, NULL, 1),
	(28, 'Av. Siempre Viva 742', 'Poste caído en la vía pública', 'A', '1', '2025-05-12', '15:45:00', 1, 3, 3, NULL, 5),
	(29, 'ubicacion', 'impieza en tal lugar', 'A', '1', '2025-05-13', '19:55:47', 1, 3, 3, NULL, 5),
	(30, 'ubicacion', 'holi soy Maricarmen ', 'C', '2', '2025-05-13', '19:38:27', 1, 3, 3, NULL, 1),
	(31, '-6.866218,-79.819238', '-----', '3', '1', '2025-05-13', '19:40:00', 1, 4, 3, 5, NULL),
	(32, '-6.861039,-79.816989', 'djonathan', 'B', '1', '2025-05-13', '19:46:31', 1, 3, 3, NULL, 6),
	(33, 'Av. Central 123', '-----', '3', '1', '2025-05-13', '19:47:00', 1, 4, 3, 3, NULL),
	(34, 'ubicacion', 'tg5gyg6', 'A', '2', '2025-05-14', '08:31:50', 1, 3, 3, NULL, 1),
	(35, 'ubicacion', 'helder', 'A', '1', '2025-05-14', '08:38:21', 1, 3, 3, NULL, 6),
	(36, 'ubicacion', 'hfffhvn', 'B', '2', '2025-05-14', '09:04:10', 1, 3, 4, NULL, 7),
	(37, 'Av. Central 123', '-----', '3', '2', '2025-05-14', '14:48:00', 1, 4, 4, 3, NULL),
	(38, 'ubicacion', 'ddddd', 'A', '1', '2025-05-14', '14:49:21', 1, 3, 4, NULL, 6),
	(39, 'ubicacion', 'aaaaa', 'A', '1', '2025-05-14', '15:02:10', 1, 3, 4, NULL, 4),
	(40, 'ubicacion', 'fffff', 'A', '1', '2025-05-14', '15:02:41', 1, 3, 4, NULL, 6),
	(41, 'ubicacion', 'ffff', 'A', '1', '2025-05-14', '15:07:28', 1, 3, 4, NULL, 4),
	(42, 'ubicacion', 'aaaa', 'A', '1', '2025-05-14', '15:23:14', 1, 3, 4, NULL, 5),
	(43, 'ubicacion', 'hola', 'B', '1', '2025-05-14', '16:27:52', 1, 3, 4, NULL, 4),
	(44, 'Av. Siempre Viva 742', 'Poste caído en la vía pública', 'A', '1', '2025-05-12', '15:45:00', 1, 3, 3, NULL, 5),
	(45, 'ubicacion', 'sssssss', 'A', '1', '2025-05-14', '16:46:25', 1, 3, 4, NULL, 4),
	(46, 'ubicacion', 'qqwweeas', 'B', '2', '2025-05-14', '16:56:00', 1, 3, 4, NULL, 6),
	(47, 'ubicacion', 'no se encuentra esta planta', 'B', '1', '2025-05-14', '23:29:10', 1, 3, 4, NULL, 4),
	(49, 'Av. Siempre Viva 742', 'Poste caído en la vía pública', 'A', '1', '2025-05-12', '15:45:00', 1, 3, 3, NULL, 5),
	(50, '37.4219983, -122.084', 'asddd', 'C', '3', '2025-05-14', '23:32:04', 1, 3, 4, NULL, 4),
	(51, 'ubicacion', 'Prueba riesgo', 'A', '1', '2025-05-15', '03:58:09', 1, 4, 3, NULL, 9),
	(52, '37.4219983,-122.084', 'aaaaa', 'A', '2', '2025-05-15', '04:24:55', 1, 3, 3, NULL, 4),
	(53, 'Av. Central 123', '-----', '3', '2', '2025-05-15', '04:27:00', 1, 4, 3, 3, NULL),
	(54, '37.4219983, -122.084', '-----', '3', '1', '2025-05-15', '04:33:00', 1, 4, 4, 3, NULL),
	(55, '37.4219983, -122.084', '-----', '3', '1', '2025-05-15', '04:34:00', 1, 4, 4, 4, NULL),
	(56, '-6.8651157, -79.8191578', '-----', '3', '2', '2025-05-19', '10:56:00', 1, 4, 6, 4, NULL),
	(57, '-6.7605342,-79.8632794', 'pedro@gmail.com', 'A', 'P', '2025-05-19', '18:02:03', 1, 3, 4, NULL, 8),
	(58, 'Av. Los Pinos 123', 'Incendio en el tercer piso', 'A', 'A', '2025-05-11', '14:30:00', 1, 4, 3, 2, NULL),
	(59, 'Av. Siempre Viva 742', 'Poste caído en la vía pública', 'A', 'P', '2025-05-12', '15:45:00', 1, 3, 3, NULL, 5),
	(60, '37.4219983,-122.084', 'nueva', 'A', '2', '2025-05-21', '14:05:54', 1, 3, 4, NULL, 5),
	(61, '-6.8651191, -79.8191444', '-----', '3', '2', '2025-05-22', '09:18:00', 1, 4, 9, 5, NULL),
	(62, '-6.8651531,-79.8192718', 'Fkfbfkfkd', 'B', '3', '2025-05-22', '09:21:56', 1, 3, 9, NULL, 1),
	(63, '-6.7605336,-79.8632392', 'dryhjjhgfd', 'A', '2', '2025-05-26', '18:47:05', 1, 4, 10, NULL, 9),
	(64, '-6.7605416, -79.8632163', '-----', '3', '3', '2025-05-26', '18:48:00', 1, 4, 10, 3, NULL),
	(65, '37.4219983,-122.084', '11111111', 'A', '3', '2025-06-01', '22:28:32', 1, 3, 4, NULL, 2),
	(66, '37.4219983,-122.084', '11111111', 'A', '2', '2025-06-01', '22:28:58', 1, 3, 4, NULL, 2),
	(67, '37.4219983, -122.084', '-----', '3', '2', '2025-06-01', '22:30:00', 1, 4, 4, 5, NULL),
	(68, '37.4219983, -122.084', '-----', '3', '2', '2025-06-01', '22:31:00', 1, 4, 4, 3, NULL),
	(69, '37.4219983, -122.084', '-----', 'A', '2', '2025-06-01', '22:33:00', 1, 4, 4, 2, NULL),
	(70, 'Av. Siempre Viva 742', 'Poste caído en la vía pública', 'A', '2', '2025-05-12', '15:45:00', 1, 4, 3, NULL, 12),
	(71, 'Av. Siempre Viva 742', 'Poste caído en la vía pública', 'A', '3', '2025-06-01', '15:45:00', 1, 4, 3, NULL, 12),
	(72, '37.4219983,-122.084', 'Prueba riesgo', 'A', '1', '2025-06-02', '08:40:06', 1, 4, 4, NULL, 9),
	(73, '-6.8650809, -79.8191749', '-----', '3', '1', '2025-06-02', '08:39:00', 1, 4, 9, 3, NULL),
	(74, '-6.8650809, -79.8191749', '-----', '3', '1', '2025-06-02', '08:39:00', 1, 4, 9, 3, NULL),
	(75, '-6.8651283, -79.8191486', '-----', '3', '3', '2025-06-02', '13:00:00', 1, 4, 9, 3, NULL),
	(76, '37.4219983, -122.084', '-----', '3', '1', '2025-06-07', '17:37:00', 1, 4, 4, 5, NULL),
	(77, '37.4219983, -122.084', '-----', '3', '1', '2025-06-07', '17:43:00', 1, 4, 4, 5, NULL),
	(78, '37.4219983,-122.084', 'ocurrio un problema', 'A', '1', '2025-06-08', '16:32:41', 1, 3, 10, NULL, 1),
	(79, '37.4219983, -122.084', '-----', '3', '1', '2025-06-08', '16:37:00', 1, 4, 10, 5, NULL),
	(80, '-6.9261588, -79.8638781', '-----', '3', '1', '2025-06-08', '12:01:00', 1, 4, 10, 3, NULL),
	(81, '-6.8652207,-79.8192534', 'denuncia en la municipalidadu', 'B', '2', '2025-06-09', '08:44:48', 1, 3, 10, NULL, 1),
	(82, '-6.8652216, -79.8192512', '-----', '3', '3', '2025-06-09', '09:15:00', 1, 4, 10, 3, NULL),
	(83, '37.4219983,-122.084', 'sssssss', 'A', '1', '2025-06-10', '14:31:18', 1, 3, 10, NULL, 6),
	(84, '37.4219983,-122.084', 'sssssss', 'A', '1', '2025-06-10', '14:34:12', 1, 3, 10, NULL, 6),
	(85, '37.4219983,-122.084', 'ndnnnnfnnfnfnfnfn', 'A', '1', '2025-06-11', '13:46:02', 1, 3, 10, NULL, 1),
	(86, '-6.8651091,-79.8191339', 'hola soy una denuncia', 'A', '1', '2025-06-11', '08:52:14', 1, 3, 10, NULL, 2),
	(87, '-6.8651091, -79.8191339', '-----', '3', '1', '2025-06-11', '08:54:00', 1, 4, 10, 6, NULL),
	(88, '-6.865081, -79.8191088', '-----', '3', '1', '2025-06-24', '09:24:00', 1, 4, 12, 4, NULL),
	(89, '-6.8651901,-79.8192157', 'Prueba riesgo', 'A', '1', '2025-06-24', '09:27:10', 1, 4, 12, NULL, 10),
	(90, '-6.8651214,-79.819154', 'Prueba denuncia', 'A', '1', '2025-06-24', '11:47:04', 1, 3, 12, NULL, 2),
	(91, '37.4219983,-122.084', 'dddddd', 'A', '1', '2025-09-24', '04:57:32', 1, 3, 10, NULL, 1),
	(92, '37.4219983, -122.084', '-----', '3', '1', '2025-09-24', '04:59:00', 1, 4, 10, 3, NULL),
	(93, '37.4219983,-122.084', 'hola', 'A', '1', '2025-10-06', '04:38:32', 1, 3, 10, NULL, 4),
	(94, '37.4219983,-122.084', 'es una prueba', 'A', '2', '2025-10-06', '04:54:34', 1, 3, 10, NULL, 12),
	(95, '37.4219983, -122.084', '-----', '3', '1', '2025-10-06', '04:54:00', 1, 4, 10, 4, NULL),
	(96, '37.4219983, -122.084', '-----', '3', '2', '2025-10-06', '04:54:00', 1, 4, 10, 4, NULL),
	(97, '37.4219983,-122.084', '2266662', 'A', '2', '2025-10-06', '21:32:16', 1, 3, 10, NULL, 9),
	(98, '37.4219983,-122.084', 'prueba de imagenas', 'A', '3', '2025-10-07', '16:47:24', 1, 3, 10, NULL, 1),
	(99, '37.4219983,-122.084', 'prueba de imagen', 'A', '3', '2025-10-07', '16:48:06', 1, 3, 10, NULL, 1),
	(100, '-6.861039,-79.816989', 'Incendio en el tercer piso', 'A', '2', '2025-05-11', '14:30:00', 1, 4, 3, 2, NULL),
	(101, '-6.8652207,-79.8192534', 'Poste caído en la vía pública', 'A', '2', '2025-05-12', '15:45:00', 1, 3, 3, NULL, 5),
	(102, '37.4219983,-122.084', 'prueba de nueva', 'A', '2', '2025-10-08', '09:41:06', 1, 3, 10, NULL, 4),
	(103, '-6.8652207,-79.8192534', 'dddd', 'A', '2', '2025-10-08', '09:42:49', 1, 3, 10, NULL, 1),
	(104, '37.4219983, -122.084', '-----', '3', '2', '2025-10-08', '17:33:00', 1, 4, 10, 3, NULL),
	(105, '37.4219983, -122.084', '-----', '3', '2', '2025-10-08', '17:33:00', 1, 4, 10, 3, NULL),
	(106, '37.4219983, -122.084', 'Emergencia reportada con audio', '3', '2', '2025-10-12', '04:12:00', 1, 4, 10, 4, NULL),
	(107, '37.4219983, -122.084', 'Emergencia reportada con audio', '3', '2', '2025-10-12', '04:28:00', 1, 4, 10, 4, NULL),
	(108, '-6.8651091,-79.8191339', 'xcxxxx', 'A', '1', '2025-10-14', '02:40:25', 1, 3, 10, NULL, 1),
	(109, '37.4219983,-122.084', 'denuncia de prueba', 'A', '2', '2025-10-14', '20:21:18', 1, 3, 10, NULL, 1),
	(110, '37.4219983, -122.084', 'Emergencia reportada con audio', '3', '3', '2025-10-15', '20:30:00', 1, 4, 10, 2, NULL),
	(111, 'Av. Siempre Viva 742', 'Poste caído en la vía pública', 'A', '1', '2025-05-12', '15:45:00', 1, 3, 3, NULL, 5),
	(112, '37.4219983,-122.084', 'priblemas', 'A', '1', '2025-10-15', '07:34:27', 1, 3, 10, NULL, 2),
	(113, '37.4219983,-122.084', 'asdasdsad', 'A', '3', '2025-10-15', '08:18:27', 1, 3, 10, NULL, 2),
	(114, '37.4219983, -122.084', 'Emergencia reportada con audio', '3', '1', '2025-10-17', '15:15:00', 1, 4, 10, 4, NULL),
	(115, '37.4219983, -122.084', 'Emergencia reportada con audio', '3', '1', '2025-10-18', '00:36:00', 1, 4, 10, 3, NULL),
	(116, '37.4219983, -122.084', 'Emergencia reportada con audio', '3', '1', '2025-10-20', '04:26:00', 1, 4, 16, 3, NULL),
	(117, '37.4219983,-122.084', 'sdfsdfsdfsd', 'A', '1', '2025-10-20', '04:30:17', 1, 3, 16, NULL, 1),
	(118, '37.4219983, -122.084', 'Emergencia reportada con audio', '3', '1', '2025-10-20', '04:52:00', 1, 4, 16, 3, NULL),
	(119, '37.4219983,-122.084', 'sdfsdf', 'A', '1', '2025-10-20', '04:53:19', 1, 3, 16, NULL, 2),
	(120, '37.4219983,-122.084', 'Se encontro un negocio informal', 'A', '1', '2025-10-21', '19:49:12', 1, 3, 16, NULL, 6),
	(121, '37.4219983,-122.084', 'asdasd', 'A', '1', '2025-10-26', '19:44:42', 1, 3, 10, NULL, 1),
	(122, '37.4219983, -122.084', 'Emergencia reportada con audio', '3', '1', '2025-10-26', '19:45:00', 1, 4, 10, 4, NULL),
	(123, '-6.9261856,-79.8638602', 'pruebas', 'A', '2', '2025-11-13', '10:33:36', 1, 3, 10, NULL, 10),
	(124, '-6.9261856, -79.8638602', 'Emergencia reportada con audio', '3', '1', '2025-11-13', '10:39:00', 1, 4, 10, 3, NULL),
	(125, '-6.9261871, -79.8638557', 'Emergencia reportada con audio', '3', '1', '2025-11-13', '10:51:00', 1, 4, 10, 4, NULL),
	(126, '-6.9261834,-79.8638591', 'se murió mi perro', 'A', '3', '2025-11-13', '10:53:23', 1, 3, 10, NULL, 1),
	(127, '-6.9261858, -79.8638595', 'Emergencia reportada con audio', '3', '1', '2025-11-17', '11:16:00', 1, 4, 10, 4, NULL),
	(128, '-6.9261866,-79.8638513', 'hshaha', 'A', '2', '2025-11-17', '11:16:54', 1, 3, 10, NULL, 2),
	(129, '-6.9261909, -79.8638763', 'Emergencia reportada con audio', '3', '2', '2025-11-17', '22:30:00', 1, 4, 10, 4, NULL),
	(130, '-6.9261854,-79.86386', 'hajaa', 'A', '2', '2025-11-17', '22:59:57', 1, 3, 10, NULL, 2),
	(131, '-6.9261856,-79.8638601', 'jsjsjasj', 'A', '2', '2025-11-17', '23:11:38', 1, 3, 10, NULL, 9),
	(132, '-6.8125394, -79.853307', 'Emergencia reportada con audio', '3', '2', '2025-11-18', '10:46:00', 1, 4, 10, 4, NULL),
	(133, '-6.8125394, -79.853307', 'Emergencia reportada con audio', '3', '1', '2025-11-18', '10:51:00', 1, 4, 10, 4, NULL),
	(134, '-6.8125394, -79.853307', 'Emergencia reportada con audio', '3', '2', '2025-11-18', '10:52:00', 1, 4, 10, 3, NULL),
	(135, 'Av. Siempre Viva 742', 'Poste caído en la vía pública', 'A', '1', '2025-05-12', '15:45:00', 1, 3, 10, NULL, 5),
	(136, '37.4219983,-122.084', 'ddfdsfdssf', 'A', '1', '2025-11-18', '22:39:23', 1, 3, 10, NULL, 1),
	(137, '37.4219983, -122.084', 'Emergencia reportada con audio', '3', '1', '2025-11-18', '22:40:00', 1, 4, 10, 3, NULL),
	(138, '-6.7861832,-79.8398595', 'Ywywyw', 'A', '1', '2025-11-18', '19:02:44', 1, 3, 10, NULL, 4),
	(139, '-6.78625, -79.839762', 'Emergencia reportada con audio', '3', '1', '2025-11-18', '19:10:00', 1, 4, 10, 3, NULL),
	(140, '37.4219983, -122.084', 'Emergencia reportada con audio', '3', '1', '2025-11-19', '03:23:00', 1, 4, 10, 4, NULL),
	(141, '37.4219983, -122.084', 'Emergencia reportada con audio', '3', '1', '2025-11-19', '03:27:00', 1, 4, 10, 4, NULL),
	(142, '37.4219983, -122.084', 'Emergencia reportada con audio', '3', '1', '2025-11-19', '03:48:00', 1, 4, 10, 4, NULL),
	(143, '37.4219983, -122.084', 'Emergencia reportada con audio', '3', '1', '2025-11-19', '03:49:00', 1, 4, 10, 3, NULL),
	(144, '37.4219983, -122.084', 'Emergencia reportada con audio', '3', '1', '2025-11-19', '03:52:00', 1, 4, 10, 4, NULL),
	(145, '37.4219983,-122.084', 'sadsad', 'A', '1', '2025-11-19', '03:55:53', 1, 3, 10, NULL, 2),
	(146, '37.4219983,-122.084', 'dsfdsf', 'A', '1', '2025-11-19', '04:00:04', 1, 3, 10, NULL, 3),
	(147, '37.4219983,-122.084', 'xzczxc', 'A', '1', '2025-11-19', '04:00:35', 1, 3, 10, NULL, 2),
	(148, '37.4219983, -122.084', 'Emergencia reportada con audio', '3', '2', '2025-11-19', '04:04:00', 1, 4, 10, 4, NULL),
	(149, '37.4219983,-122.084', 'sfgsfgf', 'A', '1', '2025-11-19', '04:14:43', 1, 3, 10, NULL, 2),
	(150, '-6.926219, -79.8638915', 'Emergencia reportada con audio', '3', '1', '2025-11-18', '23:29:00', 1, 4, 10, 4, NULL),
	(151, '-6.926219, -79.8638915', 'Emergencia reportada con audio', '3', '1', '2025-11-18', '23:30:00', 1, 4, 10, 5, NULL),
	(152, '-6.9262179,-79.8638936', 'hshsjs', 'A', '2', '2025-11-18', '23:32:55', 1, 3, 10, NULL, 4),
	(153, '37.4219983, -122.084', 'Emergencia reportada con audio', '3', '1', '2025-11-19', '04:34:00', 1, 4, 10, 4, NULL),
	(154, '-6.9262179, -79.8638936', 'Emergencia reportada con audio', '3', '1', '2025-11-18', '23:43:00', 1, 4, 10, 3, NULL),
	(155, '37.4219983, -122.084', 'Emergencia reportada con audio', '3', '1', '2025-11-19', '04:46:00', 1, 4, 10, 4, NULL),
	(156, '-6.9262179, -79.8638936', 'Emergencia reportada con audio', '3', '1', '2025-11-18', '23:53:00', 1, 4, 10, 3, NULL),
	(157, '-6.9262179, -79.8638936', 'Emergencia reportada con audio', '3', '1', '2025-11-19', '00:07:00', 1, 4, 10, 4, NULL),
	(158, '-6.9262179, -79.8638936', 'Emergencia reportada con audio', '3', '1', '2025-11-19', '00:09:00', 1, 4, 10, 2, NULL),
	(159, '-6.9262179, -79.8638936', 'Emergencia reportada con audio', '3', '1', '2025-11-19', '00:11:00', 1, 4, 10, 3, NULL),
	(160, '-6.9262179, -79.8638936', 'Emergencia reportada con audio', '3', '1', '2025-11-19', '00:26:00', 1, 4, 10, 4, NULL),
	(161, '-6.9262179, -79.8638936', 'Emergencia reportada con audio', '3', '1', '2025-11-19', '00:35:00', 1, 4, 10, 3, NULL),
	(162, '-6.9262179, -79.8638936', 'Emergencia reportada con audio', '3', '1', '2025-11-19', '00:41:00', 1, 4, 10, 2, NULL),
	(163, '-6.9262179, -79.8638936', 'Emergencia reportada con audio', '3', '2', '2025-11-19', '00:42:00', 1, 4, 10, 2, NULL),
	(164, '37.4219983, -122.084', 'Emergencia reportada con audio', '3', '3', '2025-11-19', '05:43:00', 1, 4, 10, 3, NULL),
	(165, '-6.9262195,-79.8638949', 'jdjsjs', 'A', '2', '2025-11-19', '01:01:15', 1, 3, 10, NULL, 1),
	(166, '-6.9262195, -79.8638949', 'Emergencia reportada con audio', '3', '2', '2025-11-19', '01:01:00', 1, 4, 10, 2, NULL),
	(167, '-6.9262195,-79.863895', 'jdjs', 'A', '1', '2025-11-19', '09:41:06', 1, 3, 10, NULL, 1),
	(168, '-6.926218,-79.8638937', 'jdjs', 'A', '1', '2025-11-19', '09:41:14', 1, 3, 10, NULL, 1),
	(169, '-6.9262264,-79.8638958', 'jdjs', 'A', '1', '2025-11-19', '09:41:22', 1, 3, 10, NULL, 1),
	(170, '-6.9262264, -79.8638958', 'Emergencia reportada con audio', '3', '1', '2025-11-19', '09:50:00', 1, 4, 10, 6, NULL),
	(171, '-6.9262178,-79.8638936', 'hdjdjsj', 'A', '3', '2025-11-19', '10:00:13', 1, 3, 10, NULL, 10),
	(172, '-6.9262184,-79.8638927', 'hdjdjsj', 'A', '3', '2025-11-19', '10:00:21', 1, 3, 10, NULL, 10),
	(173, '-6.9262179,-79.8638937', 'hdjdjsj', 'A', '3', '2025-11-19', '10:00:29', 1, 3, 10, NULL, 10),
	(174, '-6.9262179,-79.8638936', 'uwuwuuw', 'A', '1', '2025-11-19', '10:03:51', 1, 3, 10, NULL, 11),
	(175, '-6.9262702,-79.863871', 'jsjsjs', 'A', '3', '2025-11-19', '10:06:08', 1, 3, 10, NULL, 12),
	(176, '-6.9262186, -79.8638926', 'Emergencia reportada con audio', '3', '1', '2025-11-19', '11:02:00', 1, 4, 10, 2, NULL),
	(177, '-6.9262178,-79.8638934', 'hdhdhsj', 'A', '1', '2025-11-19', '11:36:51', 1, 3, 10, NULL, 7),
	(178, '-6.9262179,-79.8638936', 'hshsjsj', 'A', '2', '2025-11-19', '12:02:34', 1, 3, 10, NULL, 12),
	(179, '-6.7606435,-79.8636626', 'mucho ruido', 'A', '1', '2025-11-19', '14:36:57', 1, 3, 10, NULL, 1),
	(180, '-6.9231703,-79.8667795', 'uj', 'A', '1', '2025-11-20', '07:37:04', 1, 3, 10, NULL, 4),
	(181, '-6.7601457, -79.8615359', 'Emergencia reportada con audio', '3', '1', '2025-11-20', '09:25:00', 1, 4, 10, 3, NULL),
	(182, '-6.76032,-79.8631837', 'jsjsjsj', 'A', '1', '2025-11-20', '09:25:51', 1, 3, 10, NULL, 2),
	(183, '-6.76032, -79.8631837', 'Emergencia reportada con audio', '3', '2', '2025-11-20', '09:26:00', 1, 4, 10, 3, NULL),
	(184, '-6.7603195,-79.8632075', 'hdjsjjs', 'A', '1', '2025-11-20', '09:30:22', 1, 3, 10, NULL, 1),
	(185, '-6.7602549,-79.8632239', 'prueba usat', 'A', '2', '2025-11-20', '09:39:45', 1, 3, 10, NULL, 4),
	(186, '37.4219983,-122.084', 'asdasd', 'A', '1', '2025-11-25', '17:05:04', 1, 3, 10, NULL, 1),
	(187, '37.4219983,-122.084', 'asdsad', 'A', '1', '2025-11-25', '17:08:51', 1, 3, 10, NULL, 2),
	(188, 'Av. Siempre Viva 742', 'Poste caído en la vía pública', 'A', '1', '2025-05-12', '15:45:00', 1, 3, 10, NULL, 5),
	(189, '37.4219983,-122.084', 'asd', 'A', '1', '2025-11-25', '20:13:30', 1, 3, 10, NULL, 1);

-- Dumping structure for table munireque$bd_muni_reque.motivo_incidencia
CREATE TABLE IF NOT EXISTS `motivo_incidencia` (
  `id_motivo_incidencia` int NOT NULL AUTO_INCREMENT,
  `descripcion` text,
  `archivo_adjunto` varchar(200) DEFAULT NULL,
  `fecha_aceptacion` date DEFAULT NULL,
  `id_incidencia` int DEFAULT NULL,
  `id_correo` int DEFAULT NULL,
  PRIMARY KEY (`id_motivo_incidencia`),
  KEY `id_incidencia` (`id_incidencia`),
  KEY `id_correo` (`id_correo`),
  CONSTRAINT `motivo_incidencia_correo_institucional` FOREIGN KEY (`id_correo`) REFERENCES `correo_institucional` (`id_correo`),
  CONSTRAINT `motivo_incidencia_ibfk_1` FOREIGN KEY (`id_incidencia`) REFERENCES `incidencia` (`id_incidencia`)
) ENGINE=InnoDB AUTO_INCREMENT=51 DEFAULT CHARSET=utf8mb3;

-- Dumping data for table munireque$bd_muni_reque.motivo_incidencia: ~22 rows (approximately)
INSERT INTO `motivo_incidencia` (`id_motivo_incidencia`, `descripcion`, `archivo_adjunto`, `fecha_aceptacion`, `id_incidencia`, `id_correo`) VALUES
	(1, 'prueba 1', 'mysite/static/motivo/66/1748839506_EJEMPLO_PROYECTO_FINAL_Manual_Tecnico_Readily.pdf', '2025-10-06', 50, 7),
	(2, 'NO TIENE SENTIDO', 'mysite/static/motivo/65/1748839591_conflicto.png', NULL, 65, NULL),
	(3, 'aaaaa', 'mysite/static/motivo/69/1748840056_Sesion_10.pdf', NULL, 69, NULL),
	(4, 'sdfdsf', 'mysite/static/motivo/68/1748840167_conflicto.png', NULL, 68, NULL),
	(5, 'asdsad', 'mysite/static/motivo/67/1748840331_EJEMPLO_PROYECTO_FINAL_Manual_de_Usuario_Readily.pdf', NULL, 67, NULL),
	(6, 'asdddd', 'mysite/static/motivo/64/1748840410_campos-deportivos-recubrimiento-sintetico-civideportes.png', NULL, 64, NULL),
	(7, 'dfgsff', 'mysite/static/motivo/63/1748841879_EJEMPLO_PROYECTO_FINAL_Manual_Tecnico_Readily.pdf', NULL, 63, NULL),
	(8, 'mnalo', NULL, NULL, 71, NULL),
	(9, 'dfgdfg', 'mysite/static/motivo/70/1748842154_conflicto.png', NULL, 70, NULL),
	(10, 'asdsad', 'mysite/static/motivo/23/1748842180_Icono_de_la_aplicacion_Yape.png', NULL, 23, NULL),
	(11, 'Falsa llmd', 'mysite/static/motivo/75/1748887458_Doc1.pdf', NULL, 75, NULL),
	(12, 'denuncia aceptada', 'mysite/static/motivo/81/1749478314_Silabo2025IDESARROLLODEAPLICACIONESMOVILESB_1.pdf', NULL, 81, 6),
	(13, 'falso positivo', 'mysite/static/motivo/82/1749478748_Silabo2025IDESARROLLODEAPLICACIONESMOVILESB_1.pdf', NULL, 82, NULL),
	(14, 'falso positivo', 'mysite/static/motivo/82/1749478748_Silabo2025IDESARROLLODEAPLICACIONESMOVILESB_1.pdf', NULL, 82, NULL),
	(15, 'BUENA', NULL, '2025-10-09', 102, 4),
	(16, 'sd', 'static/uploads/3/101/motivos\\1759989278_CIUDADANIA_.pdf', '2025-10-09', 101, 4),
	(17, 'ingresado correctamente', 'static/uploads/10/97/motivos\\1760130885_prediccion_2025-10-04_5.pdf', '2025-10-10', 97, 4),
	(18, 'ingresado correctamente', 'static/uploads/10/94/motivos\\1760130887_prediccion_2025-10-04_5.pdf', '2025-10-10', 94, 4),
	(19, 'sadasdddd', NULL, '2025-10-12', 107, 4),
	(20, 'aceptacion general', 'static/uploads/10/106/motivos\\1760245572_prediccion_2025-10-04_5.pdf', '2025-10-12', 106, 4),
	(21, 'aceptacion general', 'static/uploads/10/105/motivos\\1760245574_prediccion_2025-10-04_5.pdf', '2025-10-12', 105, 4),
	(22, 'aceptacion general', 'static/uploads/10/104/motivos\\1760245577_prediccion_2025-10-04_5.pdf', '2025-10-12', 104, 4),
	(23, 'mala', 'static/uploads/10/98/motivos\\1760333902_prediccion_2025-10-04_5.pdf', '2025-10-13', 98, 4),
	(24, 'Aceptación de prueba', NULL, '2025-10-14', 109, 6),
	(25, 'Falso positivo.', NULL, '2025-10-14', 110, 8),
	(26, 'prueba', 'static/uploads/10/113/motivos\\1760516360_2_CONTROL_DE_RIESGOS.pdf', '2025-10-15', 113, 4),
	(27, 'Emergencia verificada: pruebas', NULL, '2025-10-16', 100, 4),
	(28, 'Emergencia verificada: pruebas', NULL, '2025-10-16', 96, 4),
	(29, 'Emergencia verificada correctamente', NULL, '2025-11-18', 128, 4),
	(30, 'sdfasd', 'static/uploads/10/126/motivos/1763435279_ilovepdf_merged_organized.pdf', '2025-11-18', 126, 4),
	(31, 'asd', 'static/uploads/10/129/motivos/1763437172_Certificado_JavaScript.pdf', '2025-11-18', 129, 4),
	(32, 'zdasd', 'static/uploads/10/123/motivos/1763438289_ficha_matricula.pdf', '2025-11-18', 123, 4),
	(33, '159357', 'static/uploads/10/130/motivos/1763438438_Certificado_JavaScript.pdf', '2025-11-18', 130, 4),
	(34, '1511', 'static/uploads/10/131/motivos/1763439184_prediccion_2025-10-04.pdf', '2025-11-18', 131, 1),
	(35, 'inmediamente acudir', NULL, '2025-11-18', 132, 4),
	(36, 'dasfdsfds', NULL, '2025-11-18', 134, 4),
	(37, 'asdasd', NULL, '2025-11-18', 148, 4),
	(38, '1218', NULL, '2025-11-19', 165, 4),
	(39, '6595+', NULL, '2025-11-19', 166, 4),
	(40, 'Emergencia verificada: ASDSAD', NULL, '2025-11-19', 152, 4),
	(41, 'Emergencia inválida: ASDASD', NULL, '2025-11-19', 164, 4),
	(42, 'Solicitud válida: 16561', NULL, '2025-11-19', 163, 4),
	(43, 'Falsa alarma: FALSO POSITIVO', NULL, '2025-11-19', 173, 1),
	(44, 'Falsa alarma: FALSO POSITIVO', NULL, '2025-11-19', 172, 1),
	(45, 'Falsa alarma: FALSO POSITIVO', NULL, '2025-11-19', 171, 1),
	(46, 'Falsa alarma: 1516', NULL, '2025-11-19', 175, 1),
	(47, 'Emergencia verificada: Resuelto', 'static/uploads/10/178/motivos/1763571839_prediccion_2028_08.pdf', '2025-11-19', 178, 4),
	(48, 'Solicitud válida: Prueba valida', NULL, '2025-11-20', 183, 4),
	(49, 'Emergencia verificada: Verificado en la usat', NULL, '2025-11-20', 185, 3),
	(50, '123', NULL, '2025-11-25', 15, 3);

-- Dumping structure for table munireque$bd_muni_reque.persona
CREATE TABLE IF NOT EXISTS `persona` (
  `id_persona` int NOT NULL AUTO_INCREMENT,
  `nombre` varchar(100) NOT NULL,
  `apellidos` varchar(100) NOT NULL,
  `dni` varchar(8) NOT NULL,
  `foto_confirmacion` varchar(100) NOT NULL,
  `numero_celular` varchar(9) NOT NULL,
  `direccion` varchar(100) NOT NULL,
  PRIMARY KEY (`id_persona`)
) ENGINE=InnoDB AUTO_INCREMENT=18 DEFAULT CHARSET=utf8mb3;

-- Dumping data for table munireque$bd_muni_reque.persona: ~9 rows (approximately)
INSERT INTO `persona` (`id_persona`, `nombre`, `apellidos`, `dni`, `foto_confirmacion`, `numero_celular`, `direccion`) VALUES
	(4, 'Juan', 'Pérez', '12345678', 'foto.jpg', '987654321', 'Av. Siempre Viva 123'),
	(5, 'pedro', 'Morales Serrato', '72403333', 'static/5/datos_personales/imagen1_3.jpg', '923505083', 'av San Andreas'),
	(6, 'asddd', 'qqqq', '12334441', 'static/6/datos_personales/foto.jpg', '7231556', 'asdasdasd'),
	(7, 'helder', 'pere,', '95364278', 'mysite/static/7/datos_personales/foto.jpg', '925386781', 'shjfkdlsllslsmx.com'),
	(8, 'Pedro Estefan', 'Morales Serrato', '75645523', 'mysite/static/8/datos_personales/foto.jpg', '923505083', 'alaaaaa'),
	(9, 'pedro', 'Morales Serrato', '72403333', 'mysite/static/9/datos_personales/imagen1_3.jpg', '923505083', 'av San Andreas'),
	(10, 'Maricarmen ', 'Huamanchumo Ñañez', '71056921', 'mysite/static/10/datos_personales/foto.jpg', '902532476', 'Tupac amaru 154 Puerto Arturo'),
	(11, 'Pedro Estefan', 'Morales Serrato', '72403333', 'mysite/static/11/datos_personales/foto.jpg', '923505083', 'Av.San Martin 333'),
	(12, 'Pedro Estefan', 'Morales Serrato', '72403333', 'mysite/static/12/datos_personales/foto.jpg', '923505083', 'dghoppkkl.vom'),
	(13, 'Maricarmen Xiomara', 'Huamanchumo Ñañez', '71056921', 'mysite/static/13/datos_personales/foto.jpg', '902532476', 'Tupac amaru 154 puerto arturo'),
	(14, 'pruebas', 'pruebas....', '72403333', 'mysite/static/14/datos_personales/1000000018.png', '923505083', 'aasddsdasd'),
	(15, 'pedro', 'Morales Serrato', '72403333', 'mysite/static/15/datos_personales/foto_confirmacion/imagen1_3.jpg', '923505083', 'av San Andreas'),
	(16, 'pedro', 'Morales Serrato', '72403333', 'static/uploads/16/datos_personales/foto_confirmacion/imagen1_3.jpg', '923505083', 'av San Andreas'),
	(17, 'Pedro Estefan', 'Morales Serrato', '72403333', 'static/uploads/17/datos_personales/foto_confirmacion/foto.jpg', '923505083', 'Lotizacion San Andres');

-- Dumping structure for table munireque$bd_muni_reque.recursos_municipales
CREATE TABLE IF NOT EXISTS `recursos_municipales` (
  `id_recursos_municipales` int NOT NULL AUTO_INCREMENT,
  `nombre` varchar(100) CHARACTER SET utf8mb3 COLLATE utf8mb3_general_ci NOT NULL,
  `cantidad` int DEFAULT NULL,
  `descripcion` text CHARACTER SET utf8mb3 COLLATE utf8mb3_general_ci,
  `ultima_actualizacion` timestamp NOT NULL DEFAULT CURRENT_TIMESTAMP ON UPDATE CURRENT_TIMESTAMP,
  PRIMARY KEY (`id_recursos_municipales`) USING BTREE,
  UNIQUE KEY `idx_nombre_unico` (`nombre`) USING BTREE
) ENGINE=InnoDB AUTO_INCREMENT=15 DEFAULT CHARSET=utf8mb3 COMMENT='Inventario de recursos físicos disponibles en el municipio';

-- Dumping data for table munireque$bd_muni_reque.recursos_municipales: ~10 rows (approximately)
INSERT INTO `recursos_municipales` (`id_recursos_municipales`, `nombre`, `cantidad`, `descripcion`, `ultima_actualizacion`) VALUES
	(1, 'serenos', 20, 'Personal de serenazgo activo', '2025-11-12 04:45:51'),
	(2, 'policias', 20, 'Efectivos policiales asignados', '2025-11-12 04:45:39'),
	(3, 'bomberos', 30, 'Personal de bomberos agregado', '2025-11-12 04:44:22'),
	(4, 'vehiculos_serenazgo', 6, 'Vehículos de patrullaje de serenazgo', '2025-11-12 04:46:21'),
	(5, 'vehiculos_policia', 4, 'Patrullas policiales', '2025-11-12 04:46:13'),
	(6, 'vehiculos_bomberos', 2, 'Camiones y unidades de bomberos', '2025-11-12 04:46:00'),
	(7, 'ambulancias', 2, 'Ambulancias para emergencias médicas', '2025-11-12 04:44:08'),
	(8, 'comisarias', 1, 'Número de comisarías operativas', '2025-11-12 04:44:48'),
	(9, 'estaciones_bomberos', 2, 'Estaciones de bomberos activas', '2025-11-12 04:45:03'),
	(10, 'centros_salud', 1, 'Centros de salud municipales', '2025-11-12 04:44:33'),
	(12, 'personal_denuncias', 160, 'Personal total de parte de la municipalidad para atender denuncias.', '2025-10-16 04:51:08');

-- Dumping structure for table munireque$bd_muni_reque.respuesta_usuario
CREATE TABLE IF NOT EXISTS `respuesta_usuario` (
  `id_respuesta_usuario` int NOT NULL AUTO_INCREMENT,
  `atencion` tinyint(1) NOT NULL DEFAULT '0',
  `descripcion` text CHARACTER SET utf8mb3 COLLATE utf8mb3_general_ci NOT NULL,
  `id_incidencia` int NOT NULL DEFAULT '0',
  PRIMARY KEY (`id_respuesta_usuario`) USING BTREE,
  KEY `id_incidencia` (`id_incidencia`) USING BTREE,
  CONSTRAINT `FK_incidencia_respuesta` FOREIGN KEY (`id_incidencia`) REFERENCES `incidencia` (`id_incidencia`)
) ENGINE=InnoDB AUTO_INCREMENT=2 DEFAULT CHARSET=utf8mb3;

-- Dumping data for table munireque$bd_muni_reque.respuesta_usuario: ~0 rows (approximately)
INSERT INTO `respuesta_usuario` (`id_respuesta_usuario`, `atencion`, `descripcion`, `id_incidencia`) VALUES
	(1, 1, 'MALA ATENCION', 75);

-- Dumping structure for table munireque$bd_muni_reque.sectores
CREATE TABLE IF NOT EXISTS `sectores` (
  `id_sector` int NOT NULL AUTO_INCREMENT,
  `codigo_sector` varchar(20) NOT NULL COMMENT 'Código único (ej: SECT-01)',
  `nombre` varchar(100) NOT NULL COMMENT 'Nombre del sector',
  `descripcion` text COMMENT 'Descripción opcional',
  `lat_min` decimal(10,7) NOT NULL,
  `lat_max` decimal(10,7) NOT NULL,
  `lon_min` decimal(10,7) NOT NULL,
  `lon_max` decimal(10,7) NOT NULL,
  `centro_lat` decimal(10,7) DEFAULT NULL,
  `centro_lon` decimal(10,7) DEFAULT NULL,
  `poligono_geojson` json DEFAULT NULL COMMENT 'Trazo dibujado en el mapa',
  `fecha_creacion` timestamp NULL DEFAULT CURRENT_TIMESTAMP,
  `usuario_creacion` varchar(50) DEFAULT NULL,
  `activo` tinyint(1) DEFAULT '1',
  PRIMARY KEY (`id_sector`),
  UNIQUE KEY `codigo_sector` (`codigo_sector`),
  KEY `idx_codigo` (`codigo_sector`),
  KEY `idx_activo` (`activo`)
) ENGINE=InnoDB AUTO_INCREMENT=73 DEFAULT CHARSET=utf8mb4 COLLATE=utf8mb4_0900_ai_ci;

-- Dumping data for table munireque$bd_muni_reque.sectores: ~0 rows (approximately)
INSERT INTO `sectores` (`id_sector`, `codigo_sector`, `nombre`, `descripcion`, `lat_min`, `lat_max`, `lon_min`, `lon_max`, `centro_lat`, `centro_lon`, `poligono_geojson`, `fecha_creacion`, `usuario_creacion`, `activo`) VALUES
	(33, 'SECT-02', 'SECTOR 02', 'LIMITACION DE CALLE JOSE BALTA, CALLE LEONCIO PRADO, CALLE MIGUEL GRAU Y CALLE ELIAS AGUIRRE', -6.8658150, -6.8644390, -79.8204960, -79.8189780, -6.8651270, -79.8197370, '{"type": "Feature", "geometry": {"type": "Polygon", "coordinates": [[[-79.819037, -6.864833], [-79.819997, -6.864897], [-79.820035, -6.864748], [-79.820153, -6.864689], [-79.820421, -6.864439], [-79.820496, -6.864534], [-79.820432, -6.865408], [-79.820324, -6.865749], [-79.820322, -6.865815], [-79.81942, -6.865783], [-79.818978, -6.865756], [-79.819037, -6.864833]]]}, "properties": {}}', '2025-11-06 16:12:32', 'admin', 1),
	(34, 'SECT-03', 'SECTOR 3', 'LIMITACION CALLE JOSE BALTA, MARISCAL CASTILLA, SAN MARTIN, ELIAS AGUIRRE', -6.8662590, -6.8646340, -79.8190310, -79.8168820, -6.8654465, -79.8179565, '{"type": "Feature", "geometry": {"type": "Polygon", "coordinates": [[[-79.819031, -6.864816], [-79.818433, -6.864776], [-79.817502, -6.864669], [-79.816922, -6.864634], [-79.816882, -6.866155], [-79.818978, -6.866259], [-79.819031, -6.864816]]]}, "properties": {}}', '2025-11-06 16:15:23', 'admin', 1),
	(36, 'SECT-01', 'SECTOR 1', 'LIMITACION ELIAS AGUIRRE, MARISCAL CASTILLA, JOSE BALTA', -6.8647940, -6.8623270, -79.8191590, -79.8169160, -6.8635605, -79.8180375, '{"id": "0400e75ee2d912a988cdeb405e0bf886", "type": "Feature", "geometry": {"type": "Polygon", "coordinates": [[[-79.819116, -6.862327], [-79.819159, -6.86319], [-79.819036, -6.864794], [-79.818403, -6.86473], [-79.818092, -6.864709], [-79.817501, -6.86464], [-79.816916, -6.864608], [-79.816927, -6.864368], [-79.81704, -6.864005], [-79.81719, -6.863691], [-79.81741, -6.863371], [-79.819116, -6.862327]]]}, "properties": {}}', '2025-11-06 16:35:35', 'admin', 1),
	(37, 'SECT-04', 'SECTOR 4', 'LIMITACION DE CALLE SAN MARTIN, ELIAS AGUIRRE, JOSE DEL CARMEN HUERTA MEDIANERO, MARISCAL CASTILLA', -6.8682800, -6.8661590, -79.8189830, -79.8169010, -6.8672195, -79.8179420, '{"type": "Feature", "geometry": {"type": "Polygon", "coordinates": [[[-79.818983, -6.866266], [-79.818935, -6.866937], [-79.818983, -6.86828], [-79.817175, -6.868211], [-79.817035, -6.867774], [-79.816966, -6.867433], [-79.816901, -6.866921], [-79.816901, -6.866159], [-79.818983, -6.866266]]]}, "properties": {}}', '2025-11-07 17:09:59', 'admin', 1),
	(38, 'SECT-05', 'SECTOR 5', 'CALLE MIGUEL GRAU, ELIAS AGUIRRE, CARMEN HUERTA MEDIANERO, LEONCIO PRADO.', -6.8683750, -6.8657480, -79.8204310, -79.8189450, -6.8670615, -79.8196880, '{"type": "Feature", "geometry": {"type": "Polygon", "coordinates": [[[-79.820324, -6.865818], [-79.820431, -6.865807], [-79.820244, -6.866249], [-79.820281, -6.866819], [-79.819964, -6.867512], [-79.819954, -6.868375], [-79.81895, -6.868263], [-79.818945, -6.866937], [-79.818983, -6.866255], [-79.818977, -6.865748], [-79.820324, -6.865818]]]}, "properties": {}}', '2025-11-07 17:13:33', 'admin', 1),
	(40, 'SECT-06', 'SECTOR 6', 'LIMITACION CALLE LA PAZ, MARISCAL CASTILLA, ELIAS AGUIRRE, JOSE BALTA', -6.8648844, -6.8606340, -79.8222350, -79.8190329, -6.8627592, -79.8206340, '{"id": "8e566cacd721258ab22c266a1edca9a5", "type": "Feature", "geometry": {"type": "Polygon", "coordinates": [[[-79.821994, -6.860634], [-79.82209, -6.862429], [-79.822235, -6.863111], [-79.822165, -6.864454], [-79.82062, -6.864385], [-79.82047, -6.864417], [-79.8200235402527, -6.864764866683545], [-79.81996234250772, -6.864884393321919], [-79.8190329308064, -6.864816164837759], [-79.81908479059489, -6.8640361710249795], [-79.819118, -6.863729], [-79.819144, -6.862307], [-79.821994, -6.860634]]]}, "properties": {}}', '2025-11-07 17:20:07', 'admin', 1),
	(42, 'SECT-07', 'SECTOR 7', 'LIMITACION CALLE JOSE DEL CARMEN HUERTA MEDIANERO, MARISCAL CASTILLA, INDOAMERICANA, LEONCIO PRADO', -6.8692470, -6.8682140, -79.8199200, -79.8171190, -6.8687305, -79.8185195, '{"type": "Feature", "geometry": {"type": "Polygon", "coordinates": [[[-79.81992, -6.868373], [-79.819858, -6.869247], [-79.819378, -6.869154], [-79.819064, -6.869143], [-79.818943, -6.869085], [-79.817285, -6.869093], [-79.817229, -6.868488], [-79.817119, -6.868214], [-79.81896, -6.868254], [-79.81992, -6.868373]]]}, "properties": {}}', '2025-11-07 17:25:09', 'admin', 1),
	(43, 'SECT-08', 'SECTOR 8', 'LIMITACION CALLE PROLONGACION JOSE BALTA, LEONCIO PRADO, MIGUEL GRAU, JORGE CHAVEZ', -6.8678210, -6.8643530, -79.8221970, -79.8199270, -6.8660870, -79.8210620, '{"type": "Feature", "geometry": {"type": "Polygon", "coordinates": [[[-79.820464, -6.864449], [-79.820614, -6.864353], [-79.822127, -6.864417], [-79.822197, -6.86561], [-79.822084, -6.865834], [-79.822122, -6.866255], [-79.822068, -6.866441], [-79.822159, -6.866809], [-79.822138, -6.86715], [-79.822127, -6.867821], [-79.820496, -6.867747], [-79.819927, -6.867555], [-79.820265, -6.866894], [-79.820217, -6.866319], [-79.820383, -6.865839], [-79.820308, -6.865701], [-79.820415, -6.865456], [-79.820464, -6.864449]]]}, "properties": {}}', '2025-11-07 17:27:48', 'admin', 1),
	(44, 'SECT-09', 'SECTOR 9', 'LIMITACION CALLE JOSE BALTA, 28 DE JULIO, SAN MARTIN, MARISCAL CASTILLA', -6.8661700, -6.8643850, -79.8168750, -79.8143000, -6.8652775, -79.8155875, '{"type": "Feature", "geometry": {"type": "Polygon", "coordinates": [[[-79.816875, -6.86463], [-79.815845, -6.864577], [-79.814997, -6.864556], [-79.814831, -6.864385], [-79.814643, -6.865152], [-79.814343, -6.865818], [-79.8143, -6.866165], [-79.816816, -6.86617], [-79.816875, -6.86463]]]}, "properties": {}}', '2025-11-07 17:30:35', 'admin', 1),
	(45, 'SECT-10', 'SECTOR 10', 'LIMITACIÓON CALLE MARISCAL CASTILLA Y CALLE REAL, CENTRO', -6.8631940, -6.8582910, -79.8219670, -79.8173780, -6.8607425, -79.8196725, '{"id": "b215a40c919c1979a4970dd7532812b9", "type": "Feature", "geometry": {"type": "Polygon", "coordinates": [[[-79.821967, -6.860556], [-79.821967, -6.86005], [-79.821886, -6.859858], [-79.821854, -6.858819], [-79.821741, -6.858648], [-79.821451, -6.858606], [-79.821371, -6.85835], [-79.821242, -6.858291], [-79.820706, -6.858558], [-79.820566, -6.858467], [-79.818247, -6.858473], [-79.817486, -6.858335], [-79.817507, -6.859582], [-79.817507, -6.860711], [-79.817378, -6.861585], [-79.817432, -6.862523], [-79.81755, -6.862939], [-79.817571, -6.863194], [-79.821967, -6.860556]]]}, "properties": {}}', '2025-11-07 20:50:49', 'admin', 1),
	(46, 'SECT-11', 'SECTOR 11', 'LIMITACION CALLE JOSE SANTOS CHOCANO, PASAJE CESAR VALLEJO, CALLE LOS AMAUTAS, JOSE BALTA, MARISCAL CASTILLA.', -6.8646520, -6.8624200, -79.8175400, -79.8157750, -6.8635360, -79.8166575, '{"type": "Feature", "geometry": {"type": "Polygon", "coordinates": [[[-79.81754, -6.863187], [-79.81754, -6.862926], [-79.817428, -6.8625], [-79.816424, -6.86242], [-79.816376, -6.863187], [-79.815775, -6.863155], [-79.815797, -6.864551], [-79.81687, -6.864652], [-79.816907, -6.864365], [-79.817036, -6.863874], [-79.81754, -6.863187]]]}, "properties": {}}', '2025-11-07 20:55:29', 'admin', 1),
	(48, 'SECT-12', 'SECTOR 12', 'LIMITACION PASAJE LOS AMAUTAS, CALLE MARISCAL TIRADO, JOSE BALTA, LOS AMAUTAS.', -6.8645880, -6.8631660, -79.8157910, -79.8148360, -6.8638770, -79.8153135, '{"type": "Feature", "geometry": {"type": "Polygon", "coordinates": [[[-79.815759, -6.863549], [-79.81541, -6.863326], [-79.815158, -6.863251], [-79.815072, -6.863166], [-79.814992, -6.8638], [-79.814836, -6.864413], [-79.814943, -6.864541], [-79.815791, -6.864588], [-79.815759, -6.863549]]]}, "properties": {}}', '2025-11-07 21:00:44', 'admin', 1),
	(49, 'SECT-13', 'SECTOR 13', 'LIMITACION CALLE FRANCISCO BOLOGNESI, JIRON ATAHUALPA, MARISCAL TIRADO GALVEZ, PASAJE LOS AMAUTAS, CALLE LOS AMAUTAS, JIRON RICARDO PALMA, PASAJE CESAR VALLEJO, CALLE REAL', -6.8644330, -6.8583800, -79.8175070, -79.8115190, -6.8614065, -79.8145130, '{"type": "Feature", "geometry": {"type": "Polygon", "coordinates": [[[-79.817432, -6.85838], [-79.816724, -6.858433], [-79.816434, -6.858763], [-79.816134, -6.858806], [-79.815039, -6.859691], [-79.814738, -6.859275], [-79.81374, -6.858934], [-79.813343, -6.859158], [-79.813075, -6.859595], [-79.812217, -6.860138], [-79.811744, -6.860202], [-79.811519, -6.860277], [-79.811862, -6.861364], [-79.81271, -6.862376], [-79.813225, -6.862781], [-79.813891, -6.863996], [-79.814792, -6.864433], [-79.815071, -6.863175], [-79.815404, -6.863303], [-79.815715, -6.863538], [-79.815779, -6.863122], [-79.81638, -6.863154], [-79.816423, -6.86244], [-79.817432, -6.862515], [-79.8174, -6.861534], [-79.817507, -6.860532], [-79.817432, -6.85838]]]}, "properties": {}}', '2025-11-07 21:53:03', 'admin', 1),
	(51, 'SECT-14', 'SECTOR 14', 'LIMITACION CALLE FRANCISCO BOLOGNESI, TODA LA CALLE PUERTO ARTURO.', -6.8603190, -6.8555713, -79.8166930, -79.8105330, -6.8579452, -79.8136130, '{"id": "015c6c9554a867c144a94b226da4dc7b", "type": "Feature", "geometry": {"type": "Polygon", "coordinates": [[[-79.816693, -6.85839], [-79.816575, -6.858028], [-79.816403, -6.85773], [-79.816274, -6.85773], [-79.815963, -6.857218], [-79.815523, -6.857112], [-79.814954, -6.856792], [-79.814729, -6.856525], [-79.814053, -6.856227], [-79.8140116251003, -6.855884192904535], [-79.81385764115599, -6.855653189634985], [-79.81354967326745, -6.855571316237365], [-79.813463, -6.856302], [-79.81260436713839, -6.8561578011021815], [-79.81271606341949, -6.856786409609031], [-79.81289532512665, -6.857023705377734], [-79.811907, -6.857698], [-79.811821, -6.857964], [-79.811488, -6.858135], [-79.810866, -6.858987], [-79.810587, -6.859488], [-79.810651, -6.859669], [-79.810533, -6.859872], [-79.811402, -6.860319], [-79.811627, -6.860191], [-79.812196, -6.86017], [-79.813108, -6.859573], [-79.81328, -6.859211], [-79.813624, -6.858987], [-79.814643, -6.859264], [-79.814976, -6.859648], [-79.815448, -6.859435], [-79.815909, -6.859051], [-79.816199, -6.858795], [-79.816693, -6.85839]]]}, "properties": {}}', '2025-11-07 21:58:21', 'admin', 1),
	(52, 'SECT-15', 'SECTOR 15', 'DELIMITACION JIRON ATAHUALPA', -6.8652109, -6.8608228, -79.8147708, -79.8109677, -6.8630169, -79.8128692, '{"id": "c8dcad430315cf067b7465f1eaf9d8a4", "type": "Feature", "geometry": {"type": "Polygon", "coordinates": [[[-79.810967681115, -6.861290817938993], [-79.81156687591502, -6.860822772729108], [-79.81202036859875, -6.861813063510468], [-79.81314045457054, -6.862832453528981], [-79.81354370209604, -6.863496498414364], [-79.81393592926003, -6.864073469292137], [-79.81477080336667, -6.864432315621485], [-79.81467540396251, -6.864940730505737], [-79.81324792275497, -6.86521094273742], [-79.8132126878253, -6.8650439596434225], [-79.81352311357978, -6.864994453289608], [-79.81355969456, -6.864803341993223], [-79.81350163923305, -6.864500418039974], [-79.81301570144612, -6.864560003011675], [-79.81300597901631, -6.864146959743621], [-79.81269557408434, -6.864119526041848], [-79.81263386396735, -6.8637248066027485], [-79.81335479845386, -6.863541438376007], [-79.81329052116895, -6.863435255934711], [-79.81319619719534, -6.863324847055679], [-79.81309002358829, -6.8633666380622795], [-79.81303804842634, -6.863156371441245], [-79.81272300942283, -6.863013384867832], [-79.81278324844955, -6.862687762247755], [-79.81191103919853, -6.862008195991768], [-79.81166639088819, -6.862042322659719], [-79.81128482019024, -6.861855544251451], [-79.8111962224639, -6.861572898052806], [-79.810967681115, -6.861290817938993]]]}, "properties": {}}', '2025-11-07 23:53:29', 'admin', 1),
	(53, 'SECT-16', 'SECTOR 16', 'LIMITACION AVENIDA MARISCAL CASTILLA, CALLE 28 DE JULIO, PASAJE INCA ROCA. PARQUE REQUE.', -6.8692504, -6.8649882, -79.8172570, -79.8129207, -6.8671193, -79.8150889, '{"id": "199fddb4db8324a7d6b67c9d1ccead80", "type": "Feature", "geometry": {"type": "Polygon", "coordinates": [[[-79.81688021844299, -6.8662270042625835], [-79.81686168726405, -6.867054925842396], [-79.81708406141504, -6.868103624443464], [-79.81719524849085, -6.868545181056902], [-79.81725701908819, -6.8691339225712795], [-79.8156200982532, -6.869146188011143], [-79.81511975641277, -6.869170718891056], [-79.81502710051647, -6.868710764681694], [-79.81482325754439, -6.86866170287324], [-79.8143970404213, -6.869250444242255], [-79.81292072314, -6.869115524410347], [-79.81327281554627, -6.866515243791085], [-79.81340253380097, -6.865859038653426], [-79.8133345861436, -6.8654665416888605], [-79.81364343913144, -6.865172168753631], [-79.81463176869234, -6.864988185576763], [-79.81432909276394, -6.865767047206106], [-79.81426114510714, -6.866208605988163], [-79.81688021844299, -6.8662270042625835]]]}, "properties": {}}', '2025-11-08 00:22:41', 'admin', 1),
	(55, 'SECT-17', 'SECTOR 17', 'LIMITACION MARISCAL CASTILLA', -6.8702450, -6.8691512, -79.8173009, -79.8154568, -6.8696981, -79.8163788, '{"id": "c85f9cd4fd909b5f425f0e62b8b2981b", "type": "Feature", "geometry": {"type": "Polygon", "coordinates": [[[-79.81724340870363, -6.8691511881297345], [-79.81730088831844, -6.8701498599146475], [-79.81702307018142, -6.870244971404389], [-79.81658239313614, -6.870240215830165], [-79.81615129602703, -6.870102304163467], [-79.81549507042719, -6.8700737707098085], [-79.81545675068429, -6.869983414763539], [-79.81552381023485, -6.869184477222731], [-79.81724340870363, -6.8691511881297345]]]}, "properties": {}}', '2025-11-08 00:39:57', 'admin', 1),
	(56, 'SECT-18', 'SECTOR 18', 'LIMITACION AVENIDA MARISCAL CASTILLA', -6.8730314, -6.8701828, -79.8174251, -79.8157103, -6.8716071, -79.8165677, '{"id": "0c0b667b0981a484faa1c95c32691026", "type": "Feature", "geometry": {"type": "Polygon", "coordinates": [[[-79.81730532832204, -6.870182802157558], [-79.8174250775189, -6.873031382813878], [-79.8168071716624, -6.873021871722003], [-79.81690776098776, -6.872945782975975], [-79.81682154156623, -6.872860183123521], [-79.81681196153684, -6.872660449872328], [-79.81664431266091, -6.872660449872328], [-79.81611741619407, -6.872227694641211], [-79.81605035664394, -6.872085027995226], [-79.81583959805707, -6.872156361323164], [-79.8157102689241, -6.872066005772595], [-79.81572463882789, -6.871928094634583], [-79.816198845648, -6.871894805733689], [-79.8161844757446, -6.870858093072329], [-79.81638565439539, -6.870758226136161], [-79.81629464500573, -6.870182801956901], [-79.81663952269327, -6.870258891145113], [-79.81730532832204, -6.870182802157558]]]}, "properties": {}}', '2025-11-08 00:42:56', 'admin', 1),
	(57, 'SECT-19', 'SECTOR 19', 'LIMITACION  AVENIDA MARISCAL CASTILLA', -6.8746251, -6.8730596, -79.8174280, -79.8161060, -6.8738424, -79.8167670, '{"id": "2b326ad11e52cc17d71d95a4ce88c22e", "type": "Feature", "geometry": {"type": "Polygon", "coordinates": [[[-79.8174280315437, -6.873070085446571], [-79.81742324157564, -6.8746251463552], [-79.81610600040874, -6.874591857643182], [-79.81614083785013, -6.874196174773871], [-79.81673958383514, -6.873321155628119], [-79.81681143335337, -6.873059600678673], [-79.8174280315437, -6.873070085446571]]]}, "properties": {}}', '2025-11-08 00:55:48', 'admin', 1),
	(58, 'SECT-20', 'SECTOR 21', 'LIMITACION AVENIDA MARISCAL CASTILLA, PANEMERICANA', -6.8755182, -6.8746194, -79.8173910, -79.8160163, -6.8750688, -79.8167037, '{"id": "f1ec39502b300cdcf496c6bb62c77e7a", "type": "Feature", "geometry": {"type": "Polygon", "coordinates": [[[-79.81739101810452, -6.874647949909232], [-79.81737185823306, -6.874938037147089], [-79.81718983945377, -6.875518211091574], [-79.81601629732285, -6.87536127886456], [-79.81608814684101, -6.874619416728379], [-79.81739101810452, -6.874647949909232]]]}, "properties": {}}', '2025-11-08 00:58:45', 'admin', 1),
	(59, 'SECT-21', 'SECTOR 21', '', -6.8805252, -6.8778340, -79.8188700, -79.8145678, -6.8791796, -79.8167189, '{"id": "b10a50cb895f0f4b83c8f1d3e0480096", "type": "Feature", "geometry": {"type": "Polygon", "coordinates": [[[-79.81887002078152, -6.880368825208592], [-79.81845385469904, -6.8798886555412935], [-79.8177958623796, -6.878526311051758], [-79.81662047439039, -6.878598895078085], [-79.81628304243182, -6.879023232240229], [-79.81572065583393, -6.877889804499432], [-79.81563629784429, -6.87783397055037], [-79.81456776330856, -6.879386151881164], [-79.8161368219164, -6.880491659231666], [-79.81627741856563, -6.88052515941466], [-79.81709850299868, -6.880491659231666], [-79.81746405428726, -6.88039115866961], [-79.81803768861657, -6.880441408953303], [-79.81850446949292, -6.880497242595837], [-79.81880815825572, -6.880458159046356], [-79.81887002078152, -6.880368825208592]]]}, "properties": {}}', '2025-11-08 01:07:31', 'admin', 1),
	(60, 'SECT-22', 'SECTOR 22', '', -6.8825049, -6.8794317, -79.8196611, -79.8139246, -6.8809683, -79.8167928, '{"id": "f4c85a210cf62856d098b28c2336e947", "type": "Feature", "geometry": {"type": "Polygon", "coordinates": [[[-79.81891975789598, -6.880438163582966], [-79.81966105900396, -6.881182333239735], [-79.81917604415287, -6.881948389021858], [-79.8186662274054, -6.88170215694069], [-79.818544973693, -6.882096128209227], [-79.8167913939546, -6.881755508433585], [-79.81592985260468, -6.881573844452888], [-79.81532746759018, -6.881581410205982], [-79.8156591228886, -6.8820507086738445], [-79.81485857617739, -6.882504865130969], [-79.81459935134667, -6.882050705763021], [-79.81464128477488, -6.881759286608059], [-79.81412664724283, -6.881214294460378], [-79.81445449041122, -6.880586038846388], [-79.81392460436041, -6.88019621717369], [-79.81454216939838, -6.879431711606642], [-79.81618519737043, -6.880578469496271], [-79.81702005381085, -6.880533053394416], [-79.81746607206925, -6.880411946894412], [-79.81816369183495, -6.880502779115744], [-79.81861352315866, -6.880502779115744], [-79.81891975789598, -6.880438163582966]]]}, "properties": {}}', '2025-11-08 01:10:56', 'admin', 1),
	(61, 'SECT-23', 'SECTOR 23', '', -6.8803470, -6.8775705, -79.8155786, -79.8133641, -6.8789588, -79.8144713, '{"id": "82e08d947cb64396c9facc4a1f4f4b85", "type": "Feature", "geometry": {"type": "Polygon", "coordinates": [[[-79.81557856228228, -6.877869509215657], [-79.81373556857586, -6.880346967870807], [-79.81336411247997, -6.8801720332374146], [-79.8134355463449, -6.879429742317939], [-79.8138431862822, -6.878766721134184], [-79.81496231682732, -6.877570541211014], [-79.81557856228228, -6.877869509215657]]]}, "properties": {}}', '2025-11-08 01:29:33', 'admin', 1),
	(62, 'SECT-24', 'SECTOR 24', '', -6.8756366, -6.8722202, -79.8197324, -79.8175004, -6.8739284, -79.8186164, '{"id": "5524f570641fbc883ae957d09ca66be4", "type": "Feature", "geometry": {"type": "Polygon", "coordinates": [[[-79.81756256849648, -6.875636587207424], [-79.81750043737546, -6.87232460013648], [-79.81848019840668, -6.872220210479199], [-79.81854232959404, -6.873007877326586], [-79.81896768926134, -6.872974662485376], [-79.81896290993947, -6.873164461543979], [-79.81944562147183, -6.873211911296963], [-79.8194217248612, -6.873752838142977], [-79.81973238079796, -6.8736626837118], [-79.8197276014761, -6.873805032806629], [-79.81961289774557, -6.873861972432408], [-79.81964157367807, -6.874042281202861], [-79.81955554588006, -6.874170395288061], [-79.81950775265919, -6.874345958977656], [-79.81947907672665, -6.874521522603203], [-79.81945040079371, -6.8746354016762865], [-79.81867137129105, -6.874801475276229], [-79.81861401942598, -6.875166836991653], [-79.81815998382615, -6.875423064521115], [-79.81775852076905, -6.875598627747863], [-79.81756256849648, -6.875636587207424]]]}, "properties": {}}', '2025-11-08 01:31:21', 'admin', 1),
	(63, 'SECT-25', 'SECTOR 25', '', -6.8599115, -6.8572960, -79.8124428, -79.8093982, -6.8586037, -79.8109205, '{"id": "6468f589bf5f89e73f7fcb2b3f525f54", "type": "Feature", "geometry": {"type": "Polygon", "coordinates": [[[-79.81244281642003, -6.857295951708991], [-79.81190120470515, -6.857348159216528], [-79.81130175096193, -6.8575204439493405], [-79.81124916730045, -6.85760919666636], [-79.81099676572443, -6.857703170113567], [-79.81093366533064, -6.857943324394654], [-79.81046041237593, -6.85824090670404], [-79.8102080107999, -6.85798509034403], [-79.80990828392831, -6.857995531830355], [-79.80953493993063, -6.858308776327675], [-79.80939822241031, -6.858475839975853], [-79.80941399750898, -6.858830850032589], [-79.80979785823897, -6.858809967095439], [-79.8098872504637, -6.858883057371898], [-79.80997664268847, -6.8597235947423485], [-79.81050247930511, -6.859911540783074], [-79.81060238826217, -6.859676608220354], [-79.8105445462343, -6.859493882813069], [-79.81121235873721, -6.8584392948082495], [-79.8113858848208, -6.858193920035788], [-79.81151734397471, -6.858052960004102], [-79.81173819535385, -6.857974648856555], [-79.81181707084632, -6.857833688759129], [-79.81185913777551, -6.857713611606954], [-79.81244281642003, -6.857295951708991]]]}, "properties": {}}', '2025-11-08 01:33:59', 'admin', 1),
	(64, 'SECT-26', 'SECTOR 26', '', -6.8636231, -6.8608390, -79.8078645, -79.8063693, -6.8622310, -79.8071169, '{"id": "7f053ccaeb679c525e71f9a6367932eb", "type": "Feature", "geometry": {"type": "Polygon", "coordinates": [[[-79.80697057817244, -6.860838972296563], [-79.80687479822868, -6.861034443430256], [-79.80735901905486, -6.862175570611299], [-79.8078113132328, -6.862365758209208], [-79.8078645243129, -6.862725001241671], [-79.80765700110169, -6.863020848241447], [-79.80719938581551, -6.8628570758176295], [-79.80708232143988, -6.863617824663436], [-79.80694929374013, -6.863623107637537], [-79.80674709163708, -6.863554428973032], [-79.80645443069848, -6.863617824663436], [-79.80637461407882, -6.863094809962831], [-79.80649699956219, -6.8627355672095405], [-79.8063692929706, -6.862381607171983], [-79.8064118618343, -6.8620804767838735], [-79.80646507289813, -6.86120349945125], [-79.8065555317328, -6.860915941962745], [-79.80697057817244, -6.860838972296563]]]}, "properties": {}}', '2025-11-08 01:35:36', 'admin', 1),
	(66, 'SECT-27', 'SECTOR 27', '', -6.8649366, -6.8624918, -79.8072786, -79.8041391, -6.8637142, -79.8057089, '{"id": "fc10d041b19fb03487ba6f6b172e0f53", "type": "Feature", "geometry": {"type": "Polygon", "coordinates": [[[-79.80714560406275, -6.863679225834261], [-79.80727863176207, -6.864033184906958], [-79.80710835630681, -6.864387143715476], [-79.80712431963092, -6.864936571793123], [-79.80679441093454, -6.864857327377393], [-79.80684762201416, -6.864529783737254], [-79.80668266766712, -6.864101863481309], [-79.8062410157046, -6.864080731606904], [-79.80580468485033, -6.863906393606129], [-79.80509697747722, -6.863890544693021], [-79.80508629680635, -6.863421586709961], [-79.80413913958628, -6.8629672505528845], [-79.8043839105325, -6.86249178200768], [-79.80519271894553, -6.862972533524584], [-79.80593767406262, -6.863426869676587], [-79.80620905056553, -6.863617056766884], [-79.80643253708895, -6.863632905678287], [-79.80670391359574, -6.86359592486032], [-79.80679437243128, -6.863664603518899], [-79.80714560406275, -6.863679225834261]]]}, "properties": {}}', '2025-11-08 01:37:29', 'admin', 1),
	(67, 'SECT-28', 'SECTOR 28', '', -6.8764150, -6.8744598, -79.8226505, -79.8194518, -6.8754374, -79.8210512, '{"id": "b8aef866677de16211d3dc73c46c44df", "type": "Feature", "geometry": {"type": "Polygon", "coordinates": [[[-79.81960081198758, -6.874459779578643], [-79.82017562261316, -6.874842469508479], [-79.82138610616722, -6.874923035769854], [-79.82220436599889, -6.875641417666941], [-79.82265047993205, -6.8759382835945075], [-79.82248141798348, -6.8764015383442825], [-79.82180517018804, -6.876414966011978], [-79.821527908592, -6.875649588377087], [-79.82058792415637, -6.875609305310249], [-79.82063526150218, -6.876220264800011], [-79.81945182786046, -6.8760994157332505], [-79.81947211529457, -6.8752199021473785], [-79.82005368839839, -6.875367606832853], [-79.82006721335422, -6.8750856251213435], [-79.8197696643241, -6.8750856251213435], [-79.8194585903387, -6.8748036432412505], [-79.81960081198758, -6.874459779578643]]]}, "properties": {}}', '2025-11-08 01:40:37', 'admin', 1),
	(68, 'SECT-29', 'SECTOR 29', '', -6.8615378, -6.8591753, -79.8244234, -79.8220274, -6.8603565, -79.8232254, '{"id": "ca606cee116cdd60c328941a9f13d000", "type": "Feature", "geometry": {"type": "Polygon", "coordinates": [[[-79.82394585597186, -6.859175273936131], [-79.82442341516925, -6.85946139351482], [-79.82414346667419, -6.860099030814254], [-79.82407759644009, -6.860540471521006], [-79.8237647128282, -6.860605870109936], [-79.82369884259411, -6.861537799019359], [-79.82209325563856, -6.861480575367366], [-79.82202738540445, -6.860597695286799], [-79.82318011450059, -6.859894659977357], [-79.82394585597186, -6.859175273936131]]]}, "properties": {}}', '2025-11-08 18:20:22', 'admin', 1),
	(69, 'SECT-30', 'SECTOR 30', '', -6.8554650, -6.8532980, -79.8117632, -79.8099805, -6.8543815, -79.8108718, '{"id": "0d724cd2445a3f0bdfc30d040fd76932", "type": "Feature", "geometry": {"type": "Polygon", "coordinates": [[[-79.81092744482478, -6.85333386602062], [-79.81125211611624, -6.853298049189689], [-79.81176317277792, -6.853566675358579], [-79.81176317277792, -6.854190484434625], [-79.81154672525072, -6.854274056880627], [-79.81168200495517, -6.85490980393422], [-79.81103566597422, -6.85513067361407], [-79.81064786415463, -6.855464962649847], [-79.81049154094008, -6.855426161255636], [-79.81059976470391, -6.854868017778713], [-79.81035325501972, -6.854817277430584], [-79.80998048427797, -6.854089003597807], [-79.80998048618295, -6.853796740373895], [-79.81092744482478, -6.85333386602062]]]}, "properties": {}}', '2025-11-08 18:28:40', 'admin', 1),
	(70, 'SECT-31', 'SECTOR 31', '', -6.8559790, -6.8526092, -79.8084085, -79.8074465, -6.8542941, -79.8079275, '{"id": "f5058fc59f9bbf51cf19ca7f5d388ee9", "type": "Feature", "geometry": {"type": "Polygon", "coordinates": [[[-79.80815894093153, -6.85260924840621], [-79.80776212046464, -6.853146501369778], [-79.80797556177635, -6.853310661876492], [-79.80798157420774, -6.853468852857148], [-79.80764487784877, -6.854110569612118], [-79.80778917620052, -6.854698561250714], [-79.80782525006431, -6.855020912508962], [-79.80744646689115, -6.8550507597606725], [-79.80750358498877, -6.855617857188562], [-79.80759377145839, -6.855979008356925], [-79.80775009467294, -6.855898420930345], [-79.8077651257512, -6.855701429384297], [-79.8079304676122, -6.855701429384297], [-79.807975560847, -6.855367140514375], [-79.8083874123926, -6.855376094683962], [-79.8084084559023, -6.855188057095091], [-79.80806274110117, -6.855086576460749], [-79.80817471998002, -6.854963035583609], [-79.80821680699937, -6.854676501836721], [-79.80836711821519, -6.853425900123597], [-79.8082739249042, -6.852931144051098], [-79.80815894093153, -6.85260924840621]]]}, "properties": {}}', '2025-11-08 18:30:26', 'admin', 1),
	(71, 'SECT-32', 'SECTOR 32', '', -6.8596140, -6.8561698, -79.8073766, -79.8040565, -6.8578919, -79.8057166, '{"id": "ee7781601c178adbef64a04869474f1e", "type": "Feature", "geometry": {"type": "Polygon", "coordinates": [[[-79.80733405023942, -6.857210467264693], [-79.80737661532531, -6.857717594301633], [-79.80659448186813, -6.8577123117314045], [-79.80569529442339, -6.857580247449505], [-79.80588151667567, -6.858039830992695], [-79.80631248817242, -6.858721281637884], [-79.80649338978847, -6.859075212984152], [-79.80639229770878, -6.859392166204486], [-79.80563144679415, -6.859614033334111], [-79.80549843090024, -6.8592442547280825], [-79.8049238022379, -6.859254819835201], [-79.8044236624757, -6.858800520021703], [-79.80425872276751, -6.858399045407793], [-79.80435981484645, -6.857833810838301], [-79.80438641801516, -6.857379509659708], [-79.80418955449201, -6.857036142210021], [-79.80405653859809, -6.856719187422144], [-79.8041044243202, -6.856523731863675], [-79.80451943390986, -6.856571275115073], [-79.80473225934013, -6.856550144781508], [-79.80495040540663, -6.856233189670377], [-79.80526432291657, -6.856169798622702], [-79.80543458326096, -6.856222624496212], [-79.80553567534066, -6.8566241009441455], [-79.80561016424153, -6.856962186111431], [-79.8056633705991, -6.85699916416614], [-79.8063763357962, -6.856835404207629], [-79.80638431675214, -6.857155000163836], [-79.80733405023942, -6.857210467264693]]]}, "properties": {}}', '2025-11-08 18:32:59', 'admin', 1),
	(72, 'SECT-33', 'SECTOR 33', '', -6.8584819, -6.8561734, -79.8212723, -79.8171063, -6.8573277, -79.8191893, '{"id": "522d5fee7bb464174ed21e3c17c14424", "type": "Feature", "geometry": {"type": "Polygon", "coordinates": [[[-79.82116060070712, -6.858138527787347], [-79.82125105151516, -6.8577951608854875], [-79.82124573087968, -6.857108426337803], [-79.82127233405846, -6.856564320570939], [-79.82112335600677, -6.856353017255202], [-79.82093181311906, -6.856485081877224], [-79.82043167335763, -6.856675254869117], [-79.82013371775479, -6.85646923412466], [-79.81994217486705, -6.856289626223472], [-79.81930369857548, -6.856358299840451], [-79.81889933025748, -6.8565537554661375], [-79.81869714609812, -6.856601298714494], [-79.8183034190518, -6.856590733548501], [-79.81815976188622, -6.856580168382322], [-79.81815444124999, -6.856194539659668], [-79.81773411102492, -6.856173409310188], [-79.81752660623008, -6.856516777381572], [-79.81759045385932, -6.856807319401852], [-79.81710627600421, -6.856791471660017], [-79.81710627600421, -6.857256338540154], [-79.81721800935559, -6.857726487536823], [-79.81741487287873, -6.858233614025224], [-79.81741487287873, -6.858312852490073], [-79.81810655552864, -6.858418503755971], [-79.8188674064425, -6.858481894504479], [-79.81998473995297, -6.858455481693696], [-79.82079347658969, -6.8584660468183785], [-79.82105418774208, -6.858365678125921], [-79.82116060070712, -6.858138527787347]]]}, "properties": {}}', '2025-11-08 18:35:06', 'admin', 1);

-- Dumping structure for table munireque$bd_muni_reque.tipo_incidencia
CREATE TABLE IF NOT EXISTS `tipo_incidencia` (
  `id_tipo_incidencia` int NOT NULL AUTO_INCREMENT,
  `nombre` varchar(100) NOT NULL,
  PRIMARY KEY (`id_tipo_incidencia`)
) ENGINE=InnoDB AUTO_INCREMENT=5 DEFAULT CHARSET=utf8mb3;

-- Dumping data for table munireque$bd_muni_reque.tipo_incidencia: ~2 rows (approximately)
INSERT INTO `tipo_incidencia` (`id_tipo_incidencia`, `nombre`) VALUES
	(3, 'denuncia'),
	(4, 'emergencia');

-- Dumping structure for table munireque$bd_muni_reque.usuario
CREATE TABLE IF NOT EXISTS `usuario` (
  `id_usuario` int NOT NULL AUTO_INCREMENT,
  `username` varchar(100) NOT NULL,
  `password` varchar(100) NOT NULL,
  `estado` char(1) NOT NULL,
  `token` varchar(100) NOT NULL,
  `id_persona` int DEFAULT NULL,
  `cod_verify` int NOT NULL,
  `verificado` tinyint(1) NOT NULL,
  PRIMARY KEY (`id_usuario`),
  KEY `id_persona` (`id_persona`),
  CONSTRAINT `usuario_ibfk_1` FOREIGN KEY (`id_persona`) REFERENCES `persona` (`id_persona`)
) ENGINE=InnoDB AUTO_INCREMENT=17 DEFAULT CHARSET=utf8mb3;

-- Dumping data for table munireque$bd_muni_reque.usuario: ~9 rows (approximately)
INSERT INTO `usuario` (`id_usuario`, `username`, `password`, `estado`, `token`, `id_persona`, `cod_verify`, `verificado`) VALUES
	(3, 'juan', '1245', '1', 'token123', 4, 0, 1),
	(4, 'pedro@gmail.com', '1234', 'A', '0000', 5, 4444, 1),
	(5, 'asddd111', '1234', 'A', '0000', 6, 0, 0),
	(6, 'helder.com', '12345', 'A', '0000', 7, 0, 0),
	(7, 'ele@gmail.com', '1234', 'A', '0000', 8, 6701, 0),
	(8, 'ele@gmail.com', '1234', 'A', '0000', 9, 8550, 0),
	(9, 'prueba@gmail.com', '1234', 'A', '0000', 10, 7522, 0),
	(10, 'electronico4208978@gmail.com', '123456789', 'A', '0000', 11, 1273, 1),
	(11, 'ele@gmail.com', '123456789', 'A', '0000', 12, 3809, 0),
	(12, 'xiomarahuamanchumonanez@gmail.com', 'morales78mor', 'A', '0000', 13, 8570, 1),
	(13, '72403333@usat.pe', '123456', 'A', '0000', 14, 3658, 1),
	(14, 'electronico4208978@gmail.com', '1234', 'A', '0000', 15, 9798, 0),
	(15, 'electronico4208978@gmail.com', '1234', 'A', '0000', 16, 3349, 0),
	(16, '72403333@usat.pe', '54210', 'A', '0000', 17, 5411, 1);

-- Dumping structure for table munireque$bd_muni_reque.video
CREATE TABLE IF NOT EXISTS `video` (
  `id_video` int NOT NULL AUTO_INCREMENT,
  `ubicacion_video` varchar(255) NOT NULL,
  `id_incidencia` int DEFAULT NULL,
  PRIMARY KEY (`id_video`),
  KEY `id_incidencia` (`id_incidencia`),
  CONSTRAINT `FK_video_incidencia` FOREIGN KEY (`id_incidencia`) REFERENCES `incidencia` (`id_incidencia`)
) ENGINE=InnoDB AUTO_INCREMENT=48 DEFAULT CHARSET=utf8mb3;

-- Dumping data for table munireque$bd_muni_reque.video: ~23 rows (approximately)
INSERT INTO `video` (`id_video`, `ubicacion_video`, `id_incidencia`) VALUES
	(1, 'static/3/28/video/Download.mp4', 28),
	(2, 'mysite/static/3/29/video/video1.mp4', 29),
	(3, 'mysite/static/3/30/video/video1.mp4', 30),
	(4, 'mysite/static/3/32/video/video1.mp4', 32),
	(5, 'mysite/static/3/34/video/video1.mp4', 34),
	(6, 'mysite/static/3/35/video/video1.mp4', 35),
	(7, 'mysite/static/4/38/video/video1.mp4', 38),
	(8, 'mysite/static/4/40/video/video1.mp4', 40),
	(9, 'mysite/static/4/41/video/video1.mp4', 41),
	(10, 'mysite/static/4/42/video/video1.mp4', 42),
	(11, 'mysite/static/4/43/video/video1.mp4', 43),
	(12, 'mysite/static/3/44/video/Download.mp4', 44),
	(13, 'mysite/static/4/45/video/video1.mp4', 45),
	(14, 'mysite/static/4/46/video/video1.mp4', 46),
	(15, 'mysite/static/4/47/video/video1.mp4', 47),
	(16, 'mysite/static/3/49/video/Download.mp4', 49),
	(17, 'mysite/static/3/52/video/video1.mp4', 52),
	(18, 'mysite/static/4/57/video/video1.mp4', 57),
	(19, 'mysite/static/3/59/video/Download.mp4', 59),
	(20, 'mysite/static/4/60/video/video1.mp4', 60),
	(21, 'mysite/static/9/62/video/video1.mp4', 62),
	(22, 'mysite/static/4/65/video/video1.mp4', 65),
	(23, 'mysite/static/4/66/video/video1.mp4', 66),
	(24, 'mysite/static/3/70/video/Download.mp4', 70),
	(25, 'mysite/static/3/71/video/Download.mp4', 71),
	(26, 'mysite/static/10/81/video/video1.mp4', 81),
	(27, 'mysite/static/10/86/video/video1.mp4', 86),
	(28, 'mysite/static/12/89/video/video1.mp4', 89),
	(29, 'mysite/static/12/90/video/video1.mp4', 90),
	(30, 'mysite/static/12/90/video/video2.mp4', 90),
	(31, 'static/uploads/3/101/video/Download.mp4', 101),
	(32, 'static/uploads/3/111/video/Download.mp4', 111),
	(33, 'static/uploads/16/120/video/video1.mp4', 120),
	(34, 'static/uploads/10/123/video/video1.mp4', 123),
	(35, 'static/uploads/10/126/video/video1.mp4', 126),
	(36, 'static/uploads/10/131/video/video1.mp4', 131),
	(37, 'static/uploads/10/135/video/Download.mp4', 135),
	(38, 'static/uploads/10/149/video/video_1.mp4', 149),
	(39, 'static/uploads/10/152/video/video_1.mp4', 152),
	(40, 'static/uploads/10/167/video/video_1.mp4', 167),
	(41, 'static/uploads/10/168/video/video_1.mp4', 168),
	(42, 'static/uploads/10/169/video/video_1.mp4', 169),
	(43, 'static/uploads/10/171/video/video_1.mp4', 171),
	(44, 'static/uploads/10/172/video/video_1.mp4', 172),
	(45, 'static/uploads/10/173/video/video_1.mp4', 173),
	(46, 'static/uploads/10/178/video/video_1.mp4', 178),
	(47, 'static/uploads/10/188/video/Download.mp4', 188);

/*!40103 SET TIME_ZONE=IFNULL(@OLD_TIME_ZONE, 'system') */;
/*!40101 SET SQL_MODE=IFNULL(@OLD_SQL_MODE, '') */;
/*!40014 SET FOREIGN_KEY_CHECKS=IFNULL(@OLD_FOREIGN_KEY_CHECKS, 1) */;
/*!40101 SET CHARACTER_SET_CLIENT=@OLD_CHARACTER_SET_CLIENT */;
/*!40111 SET SQL_NOTES=IFNULL(@OLD_SQL_NOTES, 1) */;
